url,label,source
freecodecamp.org/donate,0,manual
twitter.com/ossia,0,manual
accounts.google.com/AccountChooser?Email=3Dpilarpineirop,0,manual
myaccount.google.com/alert/nt/167334,0,manual
myaccount.google.com/alert/nt/1673349710000?rfn%3D325%26rfnc%3D1%26,0,manual
click.connect.justeattakeaway.com/subscription_center.aspx?jwt=eyJhbGciOiJIUzI1NiIsInR5cCI6IkpXVCJ9.eyJtaWQiOiI1MTUwMTA3NDYiLCJzIjoiNTQ2NDEyNjciLCJsaWQiOiIyMSIsImoiOiIxNDMzODc3IiwiamIiOiIyMTA1OCIsImQiOiIxMDAxODQifQ.c4r6yaWQMpEISnwRJqZzFJjC4yNq-KIIuwZL-xDh9PI>,0,manual
click.connect.justeattakeaway.com/?qs=d9e3fd581420d3ca50f8aeb8ee66f0ed3a6d2ee6c8abf377a960599e760687bef3d527e6a5004cea3dc66be6aada071e1f93660867e182da5faae787917e697e,0,manual
click.connect.justeattakeaway.com/?qs=d9e3fd581420d3ca7e61d1808254a9f29430f75e16a57e5198e738aaa639d7fd7fbfae4472847179cbc5aed926e1cccbe2a74d04e05cf8fef63a17a5118e1c9e,0,manual
click.connect.justeattakeaway.com/?qs=d9e3fd581420d3caeb310da382cc1607c1f84e2dde54511e266be26b1e4641d61c602774df775e5465ba4a40909fb1c41e6c1156226e71b32d54790438bd53f6,0,manual
cloud.connect.justeattakeaway.com/one-click-unsubscribe?qs=ad33cde32e66cc531728449af21302154da0f7f8876023037ecb150093155a1a7d36981101171f504ce1ebf1157c342da2d516b72cc33d9bd8c27c58f1925d90ddac472722fdda2ffa2b59f45d82c75f72d664ee37b347e97887c77ce2257de307cf0b63290eb88addbfde04d3e43f04ca24b72b74a5c344535da499c91656dd,0,manual
view.connect.justeattakeaway.com/?qs=37fcc76056d025a1407e217a34ebbd7c7ccbb024131423b4399cb7e647672df31ab8073744abb59581e91d8e4094aac4161704b6c8dd5011cb83afc23ce6bff6,0,manual
click.connect.justeattakeaway.com/profile_center.aspx?qs=69daf5de7605cface70a757c60143f4bdc0d503a0b480cb5f3c4a5fe0a32c349893d57a0c394bc0620aaf25c4925b768dd05949129056ef72d4b1099a8e61cb554e9723270dc6ef7,0,manual
w3.org/TR/html4/loose.dtd,0,manual
w3.org/1999/xhtml,0,manual
assets.takeaway.com/crm/fonts/JETSans-Regular.woff,0,manual
assets.takeaway.com/crm/fonts/JETSans-Bold.woff,0,manual
assets.takeaway.com/crm/fonts/JETSans-ExtraBold.woff,0,manual
click.connect.justeattakeaway.com/open.aspx?ffcb10-fe8e157476670c7a72-fe511d78726c027e7410-fe3211717064057d721076-ff9c1671-fe5c11747360057f7313-feff167175610c&d=100184&bmt=0,0,manual
ydnewsletter.s3.amazonaws.com/new-brand-identity-2021/header-logo/Logo-JustEat.png,0,manual
ydnewsletter.s3.amazonaws.com/global_crm/generic_assets/freedelivery/freedelivery-bike-ES.gif,0,manual
d2egcvq7li5bpq.cloudfront.net/es/images/restaurants/6425.gif,0,manual
ydnewsletter.s3.amazonaws.com/new-brand-identity-2021/general/icon_rocket.png,0,manual
d2egcvq7li5bpq.cloudfront.net/es/images/restaurants/23525.gif,0,manual
d2egcvq7li5bpq.cloudfront.net/es/images/restaurants/32330.gif,0,manual
ydnewsletter.s3.amazonaws.com/global_crm/generic_assets/app_store_buttons/es_ios.png,0,manual
ydnewsletter.s3.amazonaws.com/global_crm/generic_assets/app_store_buttons/es_android.png,0,manual
click.connect.justeattakeaway.com/?qs=873305c80eead196e9b3c76bcb930d16cd52a89abb126e0fd4fc68fd82aebdabcd3ca4651e9d688c406317b40054d4144f1f5ff20df0771148ca47cf7a2e3fdc,0,manual
ydnewsletter.s3.amazonaws.com/new-brand-identity-2021/social-icon/icon_Social_FB.png,0,manual
click.connect.justeattakeaway.com/?qs=873305c80eead196b8aa38cfff7d744e7d2289a3588323144172a4bbe9fc26a56c92ad12018abb07bf75be8897fae4c7e5ca3a5259038ef689c5f16c0649f9e9,0,manual
ydnewsletter.s3.amazonaws.com/new-brand-identity-2021/social-icon/icon_Social_IG.png,0,manual
click.connect.justeattakeaway.com/?qs=873305c80eead196d931fea52f7e0e978cd523802a0c2996b01d3e1f417cf67ff867b9df91d728368e9a11461c84388668723da1f4199543959066a8b7977a40,0,manual
ydnewsletter.s3.amazonaws.com/new-brand-identity-2021/social-icon/icon_Social_Twitter.png,0,manual
ydnewsletter.s3.amazonaws.com/new-brand-identity-2021/social-icon/icon_Social_Blog.png,0,manual
ydnewsletter.s3.amazonaws.com/new-brand-identity-2021/Localized+DSS+Banners+Orange+Background+/DSS+Lock+Up+-+emai_banner+Orange+-+RGB_V2_Just+Eat+Spain+(Castillan).png,0,manual
click.connect.justeattakeaway.com/profile_center.aspx?qs=69daf5de7605cface70a757c60143f4bdc0d503a0b480cb5f3c4a5fe0a32c349893d57a0c394bc0620aaf25c4925b768dd05949129056ef7f4bd8fc794ac96ec59db30ca1a142c3f,0,manual
google-analytics.com/collect?v=1&tid=UA-123184079-1&cid=54641267&t=event&ec=mail&ea=open&cn=e220301-anv-noc-sunpro-FreeDelivery&cs=newsletter&cm=email,0,manual
status.uppmax.uu.se/2022-05-25/june-maintenance/,0,manual
mp.uu.se/sv/web/info/stod/it-telefoni/it-tjanster/tillaggstjanster/,0,manual
uppmax.uu.se/support/getting-started/course-projects/,0,manual
uppmax.uu.se/support/courses-and-workshops/HPC-python,0,manual
hpc2n.umu.se/events/courses/2022/python-in-hpc.,0,manual
uppmax.uu.se/support/,0,manual
uppmax.uu.se,0,manual
status.uppmax.uu.se,0,manual
twitter.com/uppmax,0,manual
hpc2n.umu.se/events/courses/2022/python-in-hpc.<br>,0,manual
twitter.com/uppmax<br>,0,manual
click.a.mango.com/subscription_center.aspx?jwt=eyJhbGciOiJIUzI1NiIsInR5cCI6IkpXVCJ9.eyJtaWQiOiI3MjQ3OTQyIiwicyI6IjI1MDAyMDUyNiIsImxpZCI6IjIyMTciLCJqIjoiMTIwNjgzNyIsImpiIjoiMjU1MjIiLCJkIjoiNzAxOTMifQ.KZj8s-nu7ecU_5R33GxmTdlXvq4URFCYCZbi1AIpE4E>,0,manual
quora.com/Is-using-Tinder-a-good-idea-or-a-bad-idea,0,manual
quora.com/What-would-a-soul-do-after-life,0,manual
quora.com/What-is-the-plural-of-octopus,0,manual
quora.com/What-is-the-most-important-thing-in-life-22,0,manual
quora.com/Is-Prince-Harry-the-Queens-favorite,0,manual
quora.com/qemail/track_click?al_im,0,manual
quora.com,0,manual
quora.com/qemail/track_click?al_imp=3Dey,0,manual
quora.com/qemail/track_click?aoid&amp;aoty=3D7&amp;,0,manual
quora.com/qemail/track_click?aoid=3D1uq,0,manual
quora.com/qemail/track_click?aoid=3DdIrRYdcfSnr&amp;,0,manual
quora.com/qemail/track_click?al_imp,0,manual
quora.com/qemail/track_click?aoid=3DdkYEuWo7knK&amp;aoty=3D,0,manual
quora.com/_/cli?ct=3D1554583139885422&amp;id=3D2e327ad994,0,manual
quora.com/qemail/track_click?al_imp=3DeyJ0eXBlIjogMzMsICJoY,0,manual
quora.com/qemail/track_click?ao,0,manual
quora.com/qemail/track_click?aoid=3DaeTSdqGNwGQ&amp;aoty=3D,0,manual
quora.com/qemail/track_click?aoid=3Dob9Rq3b3IOd&amp;aoty=3D,0,manual
quora.com/qemail/track_click?aoid=3DYXM,0,manual
quora.com/qemail/track_click?aoid=3DmvMhVhHWy3i&am,0,manual
quora.com/qemail/track_click?aoid=3DblI2n,0,manual
quora.com/qemail/track_click?al_i,0,manual
quora.com/qemail/track_click?aoid=3DYkofVYcmaaB&amp;aoty,0,manual
quora.com/qemail/track_click?al_imp=3DeyJ,0,manual
quora.com/qemail/track_click?aoid=3D8FNInkusjXY&am,0,manual
quora.com/qemail/track_click?aoid=3D985ALNC3DMy&amp;aoty,0,manual
quora.com/qemail/track_click,0,manual
quora.com/qemail/track_click?aoid=3Dj3gn3JbDUI2&amp;ao,0,manual
quora.com/qemail/track_click?,0,manual
quora.com/qemail/track_click?aoid=3Dzi98z,0,manual
quora.com/qemail/track_click?al_imp=3DeyJ0eXBlIjogMzMsI,0,manual
quora.com/qemail/track_click?aoid=3D8ve0PC96,0,manual
quora.com/qemail/track_click?al_imp=3DeyJ0eXBlIjo,0,manual
quora.com/,0,manual
w3.org/1999/xhtml,0,manual
newsletter.ibima.eu/url/ver/34933909/696881/BkEPZguveCU9Z,0,manual
newsletter.ibima.eu/url/ver/34933909/696881/BkEPZguveCU9Zr,0,manual
images.acblnk.com/public/,0,manual
newsletter.ibima.eu/pixel/tracking/BkEPZguveCU9ZrML4ovxo,0,manual
w3.org/TR/xhtml1/DTD/xhtml1-transitional.dtd,0,manual
pages.awscloud.com/rs/112-TZM-766/images/AmazonEmber-Light.woff2'),0,manual
pages.awscloud.com/rs/112-TZM-766/images/AmazonEmber-Regular.woff2'),0,manual
pages.awscloud.com/rs/112-TZM-766/images/AmazonEmber-Bold.woff2'),0,manual
pages.awscloud.com/rs/112-TZM-766/images/AmazonEmber-Heavy.woff2'),0,manual
pages.awscloud.com/rs/112-TZM-766/images/AmazonEmber-Heavy.woff'),0,manual
pages.awscloud.com/rs/112-TZM-766/images/AmazonEmber-Heavy.eot'),0,manual
pages.awscloud.com/rs/112-TZM-766/images/AmazonEmber-Heavy.ttf'),0,manual
email.awscloud.com/trk?t=1&mid=MTEyLVRaTS03NjY6MDo1NjcxNjA6MzUxOTU1MzoxNjIyNzg5NDo4MjYxNDA6OTozODM4MjcxOjg4NzQ4NTYyOC0xMDpwaWxhcnBpbmVpcm9wZXJlZGFAZ21haWwuY29t,0,manual
pages.awscloud.com/rs/112-TZM-766/images/2021_reInvent_reCap_Marketo_Email_Head,0,manual
pages.awscloud.com/rs/112-TZM-766/images/reinvent_recap_ug.png,0,manual
pages.awscloud.com/rs/112-TZM-766/images/reinvent_recap_credits.png,0,manual
pages.awscloud.com/rs/112-TZM-766/images/reinvent_recap_quiz.png,0,manual
112-TZM-766.mktoweb.com/rs/112-TZM-766/images/aws-email-blog.png,0,manual
112-TZM-766.mktoweb.com/rs/112-TZM-766/images/aws-email-footer-line.png,0,manual
112-TZM-766.mktoweb.com/rs/112-TZM-766/images/icon_fb.png,0,manual
112-TZM-766.mktoweb.com/rs/112-TZM-766/images/icon_tw.png,0,manual
112-TZM-766.mktoweb.com/rs/112-TZM-766/images/icon_yt.png,0,manual
112-TZM-766.mktoweb.com/rs/112-TZM-766/images/icon_ss.png,0,manual
vmxwvcrs.r.us-east-1.awstrack.me/L0/https:%2F%2Fpages.awscloud.com%2Findex.php%2Femail%2FemailWebview%3Fmkt_tok=MTEyLVRaTS03NjYAAAGJphomCWIDHZAf-8BwNa6PBTvK7hSnLB4QACMkYl0IaX3ZmZv7cJsqUfB1wOPo0APH5adGfc2-sdQ9nN2b9ioDdL9kNNWuVphVQ5T3fB7zpb3NbskjewgC%26md_id=826140/1/01000186072246d2-0f8f138f-45eb-4c86-b37a-72161f99855f-000000/hVSoZ7Wj1BRqjslREAhLlnNlxtQ=307,0,manual
vmxwvcrs.r.us-east-1.awstrack.me/I0/01000186072246d2-0f8f138f-45eb-4c86-b37a-72161f99855f-000000/UWly8t8QhP-032QryKsFR-nOrrc=307,0,manual
mailchimp.com/contact/abuse/?u=ad81d725159c1f322a0c54837&id=68ea856f6c&e=bf4badd9ac,0,manual
edx.us6.list-manage.com/unsubscribe?u=ad81d725159c1f322a0c54837&id=e07062bda1&e=bf4badd9ac&c=68ea856f6c>,0,manual
us6.campaign-archive.com/?e=3Dbf4badd9ac&u=3Dad81d725159c1f322a0c54837&id=3D68ea856f6c,0,manual
edx.us6.list-manage.com/track/click?u=3Dad81d725159c1f322,0,manual
edx.us6.list-manage.com/track/click?u=3Dad81d725159c1f322a0c54837&,0,manual
edx.us6.list-manage.com/track/click?u=3Dad81d72515,0,manual
edx.us6.list-manage.com/track/click?u=3Dad81d725159c1f322a,0,manual
edx.us6.list-manage.com/,0,manual
edx.us6.list-manage.com/track/click?u=3Dad81d725159c1f322a0c5483,0,manual
edx.us6.list-manage.com/track/click?u,0,manual
edx.us6.list-manage.com/track/click?u=3Dad81d7251,0,manual
edx.us6.list-manage.com/track/click?u=3Dad81,0,manual
edx.us6.list-manage.com/track/click?u=3D,0,manual
edx.us6.list-manage.com/track/click?u=3Dad,0,manual
edx.us6.list-manage.com/track/click?u=3Da,0,manual
edx.us6.list-manage.com/track/click?,0,manual
edx.us6.list-manage.com/track/click,0,manual
edx.us6.list-manage.com/track/click?u=3Dad81d725159c1f3,0,manual
edx.us6.list-manage.com/track/click?u=3Dad81d725159c1f,0,manual
edx.us6.list-manage.com/track/click?u=3Dad81d725159c1,0,manual
edx.us6.list-manage.com/track/click?u=3Dad81d725159c1f322a0c54,0,manual
gallery.mailchimp.com,0,manual
edx.us6.list-manage.com/track/click?u=3Dad81d725159c,0,manual
edx.us6.list-manage.com/track/click?u=3Dad81d725159c1f32,0,manual
edx.us6.list-manage.com/track/click?u=3Dad81d,0,manual
edx.us6.list-manage.com/track/click?u=3Dad81d72,0,manual
edx.us6.list-manage.com/track/click?u=3Dad8,0,manual
edx.us6.list-manage.com/track/click?u=3Dad81d725159c1f322a0,0,manual
edx.us6.list-manage.com/track/click?u=3Dad81d7,0,manual
link.morningbrew.com/oc/6232222f626ede035d6cff07i3blz.1sfsv/8919a7ea,0,manual
use.typekit.net/tzh8sar.css,0,manual
media.sailthru.com/5z8/1k5/3/p/605cd8535dce9.png,0,manual
airbnb.com/?c=3D.pi80.pkb21uaS8xLzU4OTcz&euid=3D8a7c67d2-fe25-6,0,manual
airbnb.com/help/article/2854/?src_section=3D347724&c=3D.pi80.p,0,manual
airbnb.com/help/article/2856/?src_section=3D347724&c=3D.pi80.p,0,manual
airbnb.com/help/article/2855/?src_section=3D347724&c=3D.pi80.p,0,manual
airbnb.com/d/termsofserviceupdate?src_section=3D347724&c=3D.pi,0,manual
airbnb.com/help/article/2877?src_section=3D347724&c=3D.pi80.pk,0,manual
email.airbnbmail.com/wf/open?up,0,manual
airbnb.com/,0,manual
airbnb.com/d/termsofserviceupdate?src_sect,0,manual
mailchimp.com/contact/abuse/?u=bcee63812ae29a8f297955b07&id=1ae36c8193&e=92112c396f,0,manual
cocoonmaldives.us13.list-manage.com/unsubscribe?u=bcee63812ae29a8f297955b07&id=2dc62e4546&e=92112c396f&c=1ae36c8193>,0,manual
mailchi.mp/cocoonmaldives.com/the,0,manual
thecocooncollection.com,0,manual
fb.watch/ii3RDOOuFu/,0,manual
fb.watch/ii3RDOOuFu/),0,manual
facebook.com/sharer/sharer.php?u=3Dhttps%3A%2F%2Fmail,0,manual
twitter.com/intent/tweet?text=3DThe+Cocoon+Collection+New,0,manual
instagram.com/thecocooncollection),0,manual
mailchi.mp/cocoonmaldives.c,0,manual
cocoonmaldives.us13.list-manage.com/track/click?u=3Dbce,0,manual
google.com/url?q=3Dhttp://www.cocoo,0,manual
google.com/url?q=3Dhttp://www.youandmemaldives.com&source=3Dgm,0,manual
cocoonmaldives.us13.list-manage.com/track/click?u=3Dbcee6381,0,manual
cocoonmaldives.us13.list-manage.com/track/click?u=3D,0,manual
cocoonmaldives.us13.list-manage.com/track/open.php,0,manual
avory.activehosted.com/box.php?nl=16&c=1111&m=1485&s=0403efe60a1bfce3132b47cbfaee9571&funcml=unsub2&luha=1>,0,manual
avory.lt.acemlnc.com/Prod/link-tracker?redirectUrl=aHR0cHMlM0ElMkYlMkZzdGFybGl0ZW1hcmJlbGxhLmtvb2Jpbi5jb20lMkYlM0ZpZF90aXBvX2V2ZW50byUzRDE=&sig=Aq7vJY7rDYuZ2iu1RDzLLgUu3w6mygLTjGmVf3zkbMii&iat=1675249239&a=%7C%7C25870320%7C%7C&account=avory%2Eactivehosted%2Ecom&email=41%2BYEv8ajVsKcn30TvJs3CIOhRgQ2%2BcaXsVsw6y9hN0%3D&s=0403efe60a1bfce3132b47cbfaee9571&i=1111A1485A16A18394,0,manual
avory.activehosted.com/proc.php?nl=16&amp;c=1111&amp;m=1485&amp;s=0403efe60a1bfce3132b47cbfaee9571&amp;act=unsub,0,manual
click.ef.com/?qs=b1a5834bc9939ebaaa859ee0774fc401d0c6c3130fdb39ff0496a60c93d3b98c1b6c60462f33beafb6b695025151ed72acfc41e2c808d287,0,manual
click.ef.com/?qs=b1a5834bc9939eba30cde50cbab57eab931d41681ce9dfeb6f43dac9e2626b114cdfe669282753ac5394ce354d0cf1ea55092fe266fa510e,0,manual
click.ef.com/?qs=b1a5834bc9939eba478dc7c521112c3d683bdd117a35f0ebde50eff946fb93750c3226802fe94e0ed069717f8c6606ff646b5d4b78c1741c,0,manual
w3.org/TR/xhtml1/DTD/xhtml1-transitional.dtd,0,manual
click.ef.com/?qs=b1a5834bc9939eba402424743d2edeae62e277ac379abf1ed00b37bb49d35c70fd83ebde0700611aae92140799cf667641f81be5f85b42aa,0,manual
image.S7.exacttarget.com/lib/fe8a1372726206797c/m/1/logo_ef.jpg,0,manual
click.ef.com/?qs=b1a5834bc9939eba032022c95b82f19465f022efff456689883a2863ec33b6053024b73dded86e0978518a88de2ad7bd6c227b556bb129c2,0,manual
image.ef.com/lib/fe84137272630d7576/m/1/LS_LEI_LON18_06_ET_620x250.jpg,0,manual
click.ef.com/?qs=b1a5834bc9939eba2d41ec589437948d7e9bbd4a8c2ba9a021bf0c01b8682a01ad8a446f9ea6246e7fd95af18d0253efb137435d07013e40,0,manual
image.S7.exacttarget.com/lib/fe8a1372726206797c/m/1/gmail_fix.gif,0,manual
click.ef.com/open.aspx?ffcb10-febe13767c61027d-fe5e16747d67027c7612-fe8b1372726c057b70-ff9e1570-fe6717737065047d7c17-ff6a157071,0,manual
surveymonkey.co,0,manual
salesmanago.pl/optOut.htm?uid=10c36531-56ad-11ed-ba53-2841c6acdb70&sec=f9fb0882851c8de32e229759fab63eb33bda3c0d3f05603d7cbcdba356e43245&conversation=cbb79a84-00a3-433b-a844-131ed055e2d5&optOutLanguage=en&auto=true>,0,manual
s-img.s3-eu-west-1.amazonaws.com/p97radl4me0k4o5y.jpg,0,manual
salesmanago.pl/smrd.htm?url=3D,0,manual
s-img.s3-eu-west-1.amazonaws.com/dlgairm9b5coxenk.jpg,0,manual
s-img.s3-eu-west-1.amazonaws.com/hhcmpb9l3e5az2xl.png,0,manual
click.mailing.tommy.com/subscription_center.aspx?jwt=eyJhbGciOiJIUzI1NiIsInR5cCI6IkpXVCJ9.eyJtaWQiOiI2NDA3NTgwIiwicyI6IjE3NTg2MTAwNSIsImxpZCI6IjI1MTAyIiwiaiI6IjE1Nzk1NTg0IiwiamIiOiIxNjAzMSIsImQiOiI2MDIwOCJ9.qqCo4jcuDMKgtvRrZCJJeLkHJBS67JJXTVNnxQNKlrY>,0,manual
view.mailing.tommy.com/?qs=fd2db26b3fb76a39089aed071244995d300cc66619d48e195cdd62635d529f664d763112dc6779478fc1e517a58bc6f7592e05ade238c67213851f0609fec6033676c07aabe23c99e7f28f22334ce3b315dff00563ed3f87,0,manual
click.mailing.tommy.com/?qs=1d3e8c15bc1e5fc0c1795a4ee81a524dc08fbb791a1f4b2617872480109d982ba6233e600ce2ae23816833801e7c149477b1293c1c36e15bd94e51d788bfcb12,0,manual
click.mailing.tommy.com/?qs=1d3e8c15bc1e5fc090c7d5bbd393f78824bdf3e6ddf452abdd3a8d67835e995409ee296e308386de7b1ea8a89e7cc6f2aa66c634309eaa3c39fd30cff76d5686,0,manual
click.mailing.tommy.com/?qs=1d3e8c15bc1e5fc0219765445e78ccd7f9ab19ed076fa654bffedfdfc5fca2bacd79dd2410838e0faa757e561c4c70ac6533762bb4bde793417787f95ecbf692,0,manual
click.mailing.tommy.com/?qs=1d3e8c15bc1e5fc06f3ebbba6e566ed218abdf5221e4105f9cb22ec10b592eb3c9c19073e03977f0c52d8fb027b234613f5cbde406fe5ad30a8f3f0cddb52942,0,manual
click.mailing.tommy.com/?qs=c062aeebe47c4908f38fb1e599fed1953033e58608956b929bbbde2c3c8bcdfe184ec8ce47560e5e169f060ffbc6c947dbc0f640583c25bf32eb30e52c45bce2,0,manual
click.mailing.tommy.com/?qs=c062aeebe47c4908fd8b86d124640882af041c92109eb2717e862f92837ac6eb69c277640abf5b62ecfc0b899b230e290e2cace6d764dca6ae151338e88e2142,0,manual
click.mailing.tommy.com/?qs=1d3e8c15bc1e5fc08850a225f30306381fe67dd657be0454f525dc04aab3e3a8b1e795df2bafeefe01085181209e1a7eb78beca6ff9cffea382e1f7638fba5f3,0,manual
click.mailing.tommy.com/?qs=c062aeebe47c49088148b424a9019db9b2cef4185d60bf334eaf7b008f3fa6d88c2f7f1d49acb63af9c612990fc9f5f988f861b34da52111f7f0d1f4e2dac7dc,0,manual
click.mailing.tommy.com/?qs=c062aeebe47c4908054f3f8d675e8959e8b4b3976b01c2e5c59ec47881d79090c0a4d70268d0820102c5eff55cb9dce8f0ddc26a8735384b3f28d300605c3cbd,0,manual
click.mailing.tommy.com/?qs=c062aeebe47c49082e6098797bbdb51b6858915e02f2c1bed9b470f87461d3b961e80149627ce653a38f6237addd18e96f3f4144330bbfb9d1e45084c5ab70e2,0,manual
click.mailing.tommy.com/?qs=c062aeebe47c49088f015d2e57a0ec714757c79652f749120b4070fc3c6cee8564be11785f7f95ace19f82a1293065a2f567e6b44cd92ce9f4553ea874708646,0,manual
click.mailing.tommy.com/?qs=1d3e8c15bc1e5fc0254683b15521b8318f5557e8e01edd4e9957f2a1916d0f78068c5dc638f6db983f12784f553ae42d355a3eb3a1622685c97e2cee7621d5d2,0,manual
click.mailing.tommy.com/?qs=1d3e8c15bc1e5fc0478727aa7980d945c82a80dfa26baf0a1f261c10becad7908b870319adca520516224c5776279cd8eb8850783fa6a27121b2c88e6a188fff,0,manual
click.mailing.tommy.com/?qs=1d3e8c15bc1e5fc051e9a0f631fafe0294891eb5121c6209bbc63c443ca62ed2145a5810836a657886f9b194324c863728a6cea91a1fc473250975b50fe65e5a,0,manual
click.mailing.tommy.com/?qs=1d3e8c15bc1e5fc00918b957b9985c42cb474d18c52a391d4c48da2cb74d8a6a20c41d1da440d90a25d8bee6bdfc3c6d0590d96ee8be24d63036165bdeff21c7,0,manual
click.mailing.tommy.com/?qs=1d3e8c15bc1e5fc0704316207c955f6127c0379d2a00b8e24cdc2914f82832e045278d1faecdf5e9a8f2c428f8ea38e9b8091c6324699ef377438d260375f3a1,0,manual
click.mailing.tommy.com/?qs=1d3e8c15bc1e5fc0b0437edb2ca45109a7f58c25a033a19d8c74717d898d291aa69b86cc695a599ba5718303b7ea50de6c0d037d5be272241d183f4c1e818473,0,manual
click.mailing.tommy.com/?qs=1d3e8c15bc1e5fc0dac2af75b9786ef79682a9519338be2ec231daaef0361723690c20bfe1156625f466f80c5a6f73a9fcbf00a5af6e59e238b3438b9c1d90ff,0,manual
click.mailing.tommy.com/?qs=1d3e8c15bc1e5fc004f18b49c9be7e621d0cfce981b80b4ec363985dd41f2a264740952a099be18bd6f65e153e334e575e86dd88fc6e5918bf7a3b3439fe412f,0,manual
click.mailing.tommy.com/?qs=1d3e8c15bc1e5fc0efba6036a938c1de97348a65ea5fa984cd44b3c60eb1ad27c60bd40fe1d6ce4b2e6bf3d86adc74296b14bed599603f9f48b51ca6e6b49adb,0,manual
click.mailing.tommy.com/?qs=1d3e8c15bc1e5fc0c57e924e2b3684172cdd0829549c07f8d3cc2f790478846423ab69f3f93d5f478e902e2b554401495f7a8b46b3da8db341f2fc0db087430e,0,manual
click.mailing.tommy.com/?qs=c062aeebe47c490891c05c9b2bb8470c3cce3f5e93f25d223dcf46cdb6fc59dfc7c951fc32e2182c793ab16425d1c113ea4cb50d7b1722dcb8fd5709c1e46033,0,manual
click.mailing.tommy.com/?qs=1d3e8c15bc1e5fc08fb31fb5d818154a56ebad041e0fbae9b2097defa5c85d6b6e0bee23fe8c163b2dbefa0f77585bdf353a67c844f4dd91474dd34c5e09a3ef,0,manual
db.onlinewebfonts.com/t/4c90b48de72e943acb0946e5b6aece73.eot,0,manual
db.onlinewebfonts.com/t/4c90b48de72e943acb0946e5b6aece73.eot?,0,manual
db.onlinewebfonts.com/t/4c90b48de72e943acb0946e5b6aece73.woff2,0,manual
db.onlinewebfonts.com/t/4c90b48de72e943acb0946e5b6aece73.woff,0,manual
db.onlinewebfonts.com/t/4c90b48de72e943acb0946e5b6aece73.ttf,0,manual
db.onlinewebfonts.com/t/4c90b48de72e943acb0946e5b6aece73.svg,0,manual
db.onlinewebfonts.com/t/921351f146d78d55c8030239527bf2d6.eot,0,manual
db.onlinewebfonts.com/t/921351f146d78d55c8030239527bf2d6.eot?,0,manual
db.onlinewebfonts.com/t/921351f146d78d55c8030239527bf2d6.woff2,0,manual
db.onlinewebfonts.com/t/921351f146d78d55c8030239527bf2d6.woff,0,manual
db.onlinewebfonts.com/t/921351f146d78d55c8030239527bf2d6.svg,0,manual
db.onlinewebfonts.com/t/f7339bec7d6baa9a4bf184e63bf013dd.eot,0,manual
db.onlinewebfonts.com/t/f7339bec7d6baa9a4bf184e63bf013dd.eot?,0,manual
db.onlinewebfonts.com/t/f7339bec7d6baa9a4bf184e63bf013dd.woff2,0,manual
db.onlinewebfonts.com/t/f7339bec7d6baa9a4bf184e63bf013dd.woff,0,manual
db.onlinewebfonts.com/t/f7339bec7d6baa9a4bf184e63bf013dd.ttf,0,manual
view.mailing.tommy.com/?qs=fd2db26b3fb76a39089aed071244995d300cc66619d48e195cdd62635d529f664d763112dc6779478fc1e517a58bc6f7592e05ade238c67213851f0609fec6033676c07aabe23c9999620293274fa4356d00d23674ebe736,0,manual
image.mailing.tommy.com/lib/fe9112747563017575/m/15/90b6566f-98d0-44a7-8a56-59c72a7d5ff7.png,0,manual
click.mailing.tommy.com/?qs=1d3e8c15bc1e5fc08f2c6df187fda500a1ebded93ec28c1aee7c1450216485c224ff51527e3c82dac949025c1444d9ade7d1bc5bb183befe441632c537d5736b,0,manual
image.mailing.tommy.com/lib/fe9112747563017575/m/15/00a32f86-d221-49cb-9029-a5a0a8fb15b3.png,0,manual
click.mailing.tommy.com/?qs=1d3e8c15bc1e5fc09443cd88bd402c4da95a738fa1a6a065a41fa1e6e320d508797b0e1b1808bfaf5516e5e8d04f45ba127fe1510d3cd5d33969edb7ad44a4b5,0,manual
image.mailing.tommy.com/lib/fe9112747563017575/m/16/920bd7cf-8df7-45e6-9ed8-3a938e574d75.png,0,manual
image.mailing.tommy.com/lib/fe9112747563017575/m/15/391faf2a-011d-4441-a2a5-754c7bca1012.png,0,manual
image.mailing.tommy.com/lib/fe9112747563017575/m/16/01a54008-cc5d-4b4a-a0cd-0dbc50156d39.png,0,manual
image.mailing.tommy.com/lib/fe9112747563017575/m/15/28d06a05-9ffd-4c86-b9e4-9ca39d760e11.png,0,manual
image.mailing.tommy.com/lib/fe9112747563017575/m/16/5d08b30a-2479-4169-a3ef-dcc8a3620c52.png,0,manual
click.mailing.tommy.com/?qs=1d3e8c15bc1e5fc021c31d8a6f9530ab72da82bc4c7d07ae10ec5b5cf9a648e27c56184ee98d98e6e8c193152575cb9a5e4ff1662b303561e99254e8a999ef81,0,manual
click.mailing.tommy.com/?qs=1d3e8c15bc1e5fc0cab707ba64c75d183912e4a8b200d224ee368f82d606b463138a8e15096580c771ef1191d405b4ba9f83734854aaa262da2eee6c62da6e9c,0,manual
click.mailing.tommy.com/?qs=1d3e8c15bc1e5fc0e46d1f7c2548528ddb32845f60927192c199c2cadc5201aae26fe0552f044718c75ff812946cc15cf7694de90c9bf6cce3e34d5d2fb00bb2,0,manual
image.mailing.tommy.com/lib/fe9112747563017575/m/69/70d33192-a8ca-41c0-a7e3-9a46b96ec05b.jpg,0,manual
image.mailing.tommy.com/lib/fe9112747563017575/m/69/bf14c42c-afa0-465f-ad99-10c4dc39b00b.jpg,0,manual
click.mailing.tommy.com/?qs=1d3e8c15bc1e5fc08a868b0ff4f35e60400f8324b8c4ef359ec262151b2f4b122e366ae2298affe40afecd992bf36afd1862d417699ce40afde859af2da4d275,0,manual
click.mailing.tommy.com/?qs=c062aeebe47c49086ac0051441e6f8576cd015f291a96add696d2726d2c788dab765b73077aa1a1363b14cab6cbfd4f8ef53d253721b1ba4f3efcc7172449723,0,manual
click.mailing.tommy.com/?qs=c062aeebe47c4908ca9ab37cd1b61ee196c6d507b4e37ffd771d080567fa10cdbd34642b84679c1b8f2c41af733570f2bb78d70ab4cb4cdf64b2afed2808abfe,0,manual
image.mailing.tommy.com/lib/fe9112747563017575/m/67/cc5be12a-1d85-4109-830d-821e779b3fb6.png,0,manual
image.mailing.tommy.com/lib/fe9112747563017575/m/67/4df76c01-b9b1-4f1b-8460-0431d2e85de6.png,0,manual
click.mailing.tommy.com/?qs=1d3e8c15bc1e5fc0184169db8928dc4726dc333eb081e724040cce93a012bed1e46d836433fb6376fb5267ef088dc6d324af6dbb99f0a677a0e6f3bf6a56b7f5,0,manual
image.mailing.tommy.com/lib/fe9112747563017575/m/26/3b8eaa93-a3ea-4849-99e9-7159af312422.png,0,manual
cl.s6.exct.net/LiveContent.aspx?qs=6ef3991980710c7d3b8a72b825e00ff5610993a73c0ce617ff695bfbed88f2aa22b47f856deb84a0e0c5e5d1e23e048e2b8c5cb39cb08b3c6b501a4c82edb75160e934548e638dff9a33661f19a0f4e3094667496b81a90598f2cfe86c4230ae5b2346f87d82f13f7cd71d9c720516d0,0,manual
click.mailing.tommy.com/?qs=1d3e8c15bc1e5fc0b4bb668ddbb56736fdf10f6fc5c97ae5f0f019566a0c795a32b1c92daf5b4d4e7783f5c3f247f4c3714f583d00b058652d221ccb897cf19d,0,manual
image.mailing.tommy.com/lib/fe9112747563017575/m/15/cd2921e4-2f72-4e72-a26d-9edf5ac3593a.png,0,manual
click.mailing.tommy.com/?qs=1d3e8c15bc1e5fc043821c1f5d65dff7864adb46e24bbf4aa0feb4e2a2c41a371b0d922d9b2b5923366040d5722dc32527450cf5d394f6a54248eae2c4eb9633,0,manual
image.mailing.tommy.com/lib/fe9112747563017575/m/15/57423a61-d85a-4f70-bad6-8cf19cba05af.png,0,manual
click.mailing.tommy.com/?qs=1d3e8c15bc1e5fc04e7d05bf2567f6ece157e96971f4bd8eb60f166e5138ce2cb394db682cb68aafabe90a9581e2350ee8d4acd8acdc4013c215d01a19b7a7d0,0,manual
image.mailing.tommy.com/lib/fe9112747563017575/m/15/11211c12-80af-40a2-a4c9-426a867ee41b.png,0,manual
click.mailing.tommy.com/?qs=1d3e8c15bc1e5fc0ce449d8431f4c3f9ebb69be9a71eeebacbf79db18261896599e18ae98ec22bb5391d93f2aa47bd1fac0e171e310903dd7e0813b39e7f8553,0,manual
image.mailing.tommy.com/lib/fe9112747563017575/m/15/e7293a91-7737-4a5c-9b7e-7e3c8449f3d5.png,0,manual
click.mailing.tommy.com/?qs=1d3e8c15bc1e5fc0b493fe5354d138b9c187b6b37d6bbc11461a053a442a28f3189bf5edd75778d3ca23b3d86b82d554665750bee91898ce245272fea28e887c,0,manual
image.mailing.tommy.com/lib/fe9112747563017575/m/15/f4ae4745-7a25-4b52-bda8-ca48443089da.png,0,manual
click.mailing.tommy.com/?qs=1d3e8c15bc1e5fc0bee73744bea8f70b086345ad82a947f3a94017fb18a873f9f606514c329563f1efaefb509c5a20153cc06af2f98c0197305eef9bb1a89893,0,manual
image.mailing.tommy.com/lib/fe9112747563017575/m/15/58bbd94b-e30b-4207-b483-196e6dd21dc8.png,0,manual
click.mailing.tommy.com/?qs=1d3e8c15bc1e5fc0f0367da90bad608f4339b09442f04a7a719e3716bbc912a56f48507c61e085e07eb42c48e8d5096736b7debc8ad38dd60943a7d6ac96d3bf,0,manual
click.mailing.tommy.com/?qs=1d3e8c15bc1e5fc080c4f32ad246d612a14dd4569d2a549a5ca87f067be3a262cb2abc4f2dc6881d6b6f3a2f838b9be396495ff96b58a8e0560fd4cd8934b3c0,0,manual
click.mailing.tommy.com/?qs=1d3e8c15bc1e5fc06c01171f9c973673fcd9b09729f642c4eae9978d602685b3b9693347e4ddee84cfe6c597539037fd05dda0c9a2960832dc2fd92ada270a92,0,manual
mcvr8kwd9nhjp18gv6y-bfwkjqd1.pub.sfmc-content.com/gczepse3zpa?qs=49626f1e27dbc0ee91b9ffc68b01e91ba3cfda5c679af46a83542c755b7817a221442fec52bdf35b2fdd8ab026e8540fd6d5cceabb017df4c437aa3bc4a3436126e34f1818a31327f5fb954a2f97ad9ab5ad7e8d5b7fa3f7375ac4595025313a231b90fa0043aa7d,0,manual
click.mailing.tommy.com/?qs=1d3e8c15bc1e5fc07083a0a576cf649d58446cf147ff6f6af0df463d3195c4665f777fc5394e3dc742355375c4508e41caeca9a0374944e0b5a640402aba5bb9,0,manual
image.mailing.tommy.com/lib/fe9112747563017575/m/15/a12d2008-08de-4234-ba4d-d945548d7a1c.png,0,manual
click.mailing.tommy.com/?qs=1d3e8c15bc1e5fc0dcfe5bc60e87961dc006095f25766e06d3ccc5e76a71c94b406ebe41a3317d6af8529178e1978b4030757805801a43d61e6cf830d1a8344a,0,manual
click.mailing.tommy.com/profile_center.aspx?qs=3b9813c0aa8a7c71ec1cb1b6e607dacc02b20af2250b9fd4afe7665f0822ef96d3c0928815a845d61362eb11304646c6da7f9d48768afa96,0,manual
click.mailing.tommy.com/open.aspx?ffcb10-fe531575726d01787d10-fe1717767d6d0675731d75-fe9112747563017575-ff051675746406-fe2e1577706c027c751475-ff041576756705&d=60208&bmt=0,0,manual
ki.se/medarbetare/integritetsskyddspolicy,0,manual
ki.se/en/staff/data-protection-policy,0,manual
mailchimp.com/contact/abuse/?u=bd02cbaf73d888e80561d8a2f&id=62a991f20e&e=87c0b72a10,0,manual
starlitefestival.us15.list-manage.com/unsubscribe?u=bd02cbaf73d888e80561d8a2f&id=d14f0be25f&e=87c0b72a10&c=62a991f20e>,0,manual
bit.ly/2UrFYml,0,manual
starlitemarbella.koobin.com/index.php?referer=3DcmVmZXJlcl8yMjU%3D,0,manual
starlitemarbella.koobin.com/?idioma=3DES,0,manual
starlitemarbella.koobin.com/?id_tipo_evento=3D1&idioma=3DES,0,manual
facebook.com/starlitefestival/,0,manual
twitter.com/StarliteFest,0,manual
instagram.com/starlitefestival/,0,manual
youtube.com/user/StarliteFestival,0,manual
starlitefestival.us15.list-manage.com/track/click?u=3Dbd02cbaf73d8,0,manual
starlitefestival.us15.list-manage.com/track/click?u,0,manual
starlitefestival.us15.list-manage.com/track/open.php?u,0,manual
market.sheinmail.com/pub/optout/UnsubscribeOneStepConfirmAction?YES=true&_ri_=X0Gzc2X%3DAQpglLjHJlYQGqpCnie17TLzghmne6PeGwRLmAezgb0jyvlB7jD3U4dU6OzcLH7Ar7qUO&_ei_=EUlaGGF4SNMvxFF7KucKuWOZi8gp7zmWF8K2XijvCeSZFR8B9sJaxx5124qoAiPe76kSfSgkmWKniAF5Aw0.>,0,manual
geropp.activehosted.com/box.php?nl=1&c=21&m=23&s=04ca51feebb5c1e96b1882e1c3e04299&funcml=unsub2&luha=1>,0,manual
geropp.lt.acemlnb.com/Prod/link-tracker?redirectUrl=aHR0cHMlM0ElMkYlMkZ5b3V0dS5iZSUyRmoyUEJpTFFsYmtr&sig=FdXEQMyVAwqqbohUDBtE4uLDTE9rvhy8NHKEmUCCc7pq&iat=1675058462&a=%7C%7C223684343%7C%7C&account=geropp%2Eactivehosted%2Ecom&email=41%2BYEv8ajVsKcn30TvJs3CIOhRgQ2%2BcaXsVsw6y9hN0%3D&s=04ca51feebb5c1e96b1882e1c3e04299&i=21A23A1A80,0,manual
geropp.lt.acemlnb.com/Prod/link-tracker?redirectUrl=aHR0cHMlM0ElMkYlMkZ5b3V0dS5iZSUyRmoyUEJpTFFsYmtr&sig=FdXEQMyVAwqqbohUDBtE4uLDTE9rvhy8NHKEmUCCc7pq&iat=1675058462&a=%7C%7C223684343%7C%7C&account=geropp%2Eactivehosted%2Ecom&email=41%2BYEv8ajVsKcn30TvJs3CIOhRgQ2%2BcaXsVsw6y9hN0%3D&s=04ca51feebb5c1e96b1882e1c3e04299&i=21A23A1A80>,0,manual
geropp.activehosted.com/proc.php?nl=1&c=21&m=23&s=04ca51feebb5c1e96b1882e1c3e04299&act=unsub>,0,manual
geropp.lt.acemlnb.com/Prod/link-tracker?,0,manual
avory.activehosted.com/box.php?nl=16&c=1090&m=1465&s=0403efe60a1bfce3132b47cbfaee9571&funcml=unsub2&luha=1>,0,manual
avory.lt.acemlnc.com/Prod/link-tracker?redirectUrl=aHR0cHMlM0ElMkYlMkZzdGFybGl0ZW1hcmJlbGxhLmtvb2Jpbi5jb20lMkZpbmRleC5waHAlM0ZhY3Rpb24lM0RQVV9leHRyYXMlMjZpZCUzRDEy&sig=14F5hKfvQg7d4fWgFkvjg5t5dq3A3jz1tTq2RskWcwUC&iat=1672398241&a=%7C%7C25870320%7C%7C&account=avory%2Eactivehosted%2Ecom&email=41%2BYEv8ajVsKcn30TvJs3CIOhRgQ2%2BcaXsVsw6y9hN0%3D&s=0403efe60a1bfce3132b47cbfaee9571&i=1090A1465A16A18073,0,manual
avory.lt.acemlnc.com/Prod/link-tracker?redirectUrl=aHR0cHMlM0ElMkYlMkZzdGFybGl0ZW1hcmJlbGxhLmtvb2Jpbi5jb20lMkYlM0ZpZF90aXBvX2V2ZW50byUzRDE=&sig=3rzWduMEBJTqnKUAc8JU7XabKPRyM5w6g2yPew1C5ANY&iat=1672398241&a=%7C%7C25870320%7C%7C&account=avory%2Eactivehosted%2Ecom&email=41%2BYEv8ajVsKcn30TvJs3CIOhRgQ2%2BcaXsVsw6y9hN0%3D&s=0403efe60a1bfce3132b47cbfaee9571&i=1090A1465A16A18074,0,manual
avory.activehosted.com/proc.php?nl=16&amp;c=1090&amp;m=1465&amp;s=0403efe60a1bfce3132b47cbfaee9571&amp;act=unsub,0,manual
mdpi.com/journal/ijms/sections/molecular_immunology,0,manual
susy.mdpi.com/user/manuscripts/review_info/9b1b057cb1702942b06015fe13c169ff,0,manual
mdpi.com/journal/ijms/,0,manual
geropp.activehosted.com/box.php?nl=1&c=7&m=9&s=04ca51feebb5c1e96b1882e1c3e04299&funcml=unsub2&luha=1>,0,manual
geropp.activehosted.com/proc.php?nl=1&c=7&m=9&s=04ca51feebb5c1e96b1882e1c3e04299&act=unsub>,0,manual
geropp.imgus11.com/publ,0,manual
geropp.lt.acemlnb.com/Prod/link-tracker,0,manual
geropp.activehosted.com/proc.php?nl=3D1&c=3D7&m=3D9&s=3D04ca51feebb5,0,manual
quora.com/What-is-the-most-terrifying-IQ-statistic,0,manual
quora.com/How-safe-is-it-to-live-in-Sydney-Australia,0,manual
quora.com/Why-would-anyone-like-America,0,manual
quora.com/What-is-Meghan-Markles-legal-name,0,manual
quora.com/Why-does-a-narcissist-cry,0,manual
quora.com/qemail/track_click?al_imp=3DeyJ0eXBlIjogMzMsICJoYXN,0,manual
quora.com/qemail/track_click?aoid&amp;aoty,0,manual
quora.com/qemail/track_click?aoid=3DF2aOIOAy,0,manual
quora.com/qemail/track_click?aoid=3DzBSl,0,manual
quora.com/qemail/track_click?al_imp=3DeyJ0eXBlIjogMzMsICJoYXNoI,0,manual
quora.com/qemail/track_click?al_imp=3DeyJ0eXBlIjogMzM,0,manual
quora.com/qemail/track_click?aoid=3D32CphxJA2F8&amp;aot,0,manual
quora.com/_/imp?c,0,manual
quora.com/qemail/track_click?aoid=3D4XtpIFZx66m&,0,manual
quora.com/qemail/track_click?aoid=3DIxDsS1z3r1D,0,manual
quora.com/qemail/track_click?aoid=3Dq8IgebAWriF&,0,manual
quora.com/qemail/track_click?al_imp=3DeyJ0eX,0,manual
quora.com/qemail/track_click?aoid=3DoNv31Pfgeoy&amp;a,0,manual
quora.com/qemail/track_click?aoid=3D90SRhbaE9pU&,0,manual
quora.com/qemail/track_click?aoid=3D97C5AGNlFOi&am,0,manual
quora.com/qemail/track_click?aoid=3DLkLIE,0,manual
quora.com/qemail/track_click?aoid=3DmkibLKbM6a8&amp;aoty,0,manual
quora.com/qemail/track_click?aoid=3DVIT2y1G2Nvi&amp;ao,0,manual
quora.com/qemail/track_click?aoid=3D8p,0,manual
quora.com/qemail/track_click?aoid=3DMv4NYQd,0,manual
quora.com/qemail/track_click?al_imp=3DeyJ0eXBlIjogM,0,manual
quora.com/qemail/track_click?aoid=3DInuM7Aw2sCW&amp;aoty=3D3&am,0,manual
s.mmgo.io/t/Cd8Y,0,manual
u24149748.ct.sendgrid.net/wf/open?upn=3DlHaJuk5LtPsRIqZ,0,manual
fonts.luna1.co/gordita/hinted/,0,manual
sendwishonline.com/assets/ima,0,manual
sendwishonline.com/en/profile,0,manual
sendwishonline.com/en/pages/faq,0,manual
sendwishonline.com/en/sign-cards/4EL9u5WNItsaBrq,0,manual
sendwishonline.com/en/sig,0,manual
sendwishonline.com/en/pages/pricing,0,manual
d24a1oa8dv8p26.cloudfront.net/meta/linkedin-v1.png,0,manual
instagram.com/sendwishonline/,0,manual
facebook.com/sendwishonline,0,manual
sendwishonline.com/en/group-cards,0,manual
sendwishonline.com/en/wish-board,0,manual
sendwishonline.com/en/pages/pricin,0,manual
sendwishonline.com/en/pages/contac,0,manual
click.email.ticketmaster.com/subscription_center.aspx?jwt=eyJhbGciOiJIUzI1NiIsInR5cCI6IkpXVCJ9.eyJtaWQiOiI3MjIyODk1IiwicyI6IjcwODgyOTAxMSIsImxpZCI6IjIxIiwiaiI6IjUyMjk4NyIsImpiIjoiMTE5MzI3IiwiZCI6IjcwMTkxIn0.KDsVJhWbo44S4FDPn7wvxB5zPOHIZhg98lC17NsdPgI>,0,manual
click.email.ticketmaster.com/open.aspx?ffcb10-febe1172776d0c7a-fe2412737266067b7d1273-fe8c137277660c7470-ff9c1671-fe2b13707d6c0674751571-fec815717c67067a&d=70191&bmt=0,0,manual
image.email.ticketmaster.com/lib/fe8c137277660c7470/m/6/Onboarding-Email-tm-logo-2x.png,0,manual
image.email.ticketmaster.com/lib/fe8c137277660c7470/m/52/6526295e-1c24-4d2d-9395-fc8db830aed1.gif,0,manual
image.email.ticketmaster.com/lib/fe8c137277660c7470/m/6/Onboarding-Email-1-disco_icon-2x.png,0,manual
image.email.ticketmaster.com/lib/fe8c137277660c7470/m/6/Onboarding-Email-1-verified-icon-2x.png,0,manual
image.email.ticketmaster.com/lib/fe8c137277660c7470/m/6/Onboarding-Email-1-star-icon-2x.png,0,manual
click.email.ticketmaster.com/?qs=8d2c5943fd315cf5eebcc31b08a8ea531bb7103ff7c56a9e3e4918857b1abac6bdab1db3bc562ce77f8b96ca9342dde7520caad5c1153094,0,manual
image.email.ticketmaster.com/lib/fe8c137277660c7470/m/6/onboarding-us-iOS-2x.png,0,manual
click.email.ticketmaster.com/?qs=78f1f0b559a41d4c386ee7b7f498125fd3ff70a112fa1f373f513348f5d9066bc97a7f2ff8c00132c848a2d5dac9b2a0563110fdb2663139,0,manual
image.email.ticketmaster.com/lib/fe8c137277660c7470/m/6/onboarding-us-gplay-2x.png,0,manual
click.email.ticketmaster.com/?qs=ddc968d23db63df8dca2459814bcd910490518547bd4ec8aab8e8cef954e813b580870208ba3f43c6680b78f4f95296427001e5f11cc3369,0,manual
image.email.ticketmaster.com/lib/fe8c137277660c7470/m/6/Onboarding-Email-fb-2x.png,0,manual
click.email.ticketmaster.com/?qs=63ba8ea67bc0672f1321e20189246b3feb9df0873261e727f140f6c4cbcb60387bd611f8151a580ad592437e903b4b1209a6e8f48ef98635,0,manual
image.email.ticketmaster.com/lib/fe8c137277660c7470/m/6/Onboarding-Email-tw-2x.png,0,manual
click.email.ticketmaster.com/?qs=e4762e596caeffb8469d3e352bc1796efb4d6f9fa1ee1ebbdbeb523934eecab6a6f282add02f60727f4b84faa15718c97dfc07da88179763,0,manual
image.email.ticketmaster.com/lib/fe8c137277660c7470/m/6/Onboarding-Email-inst-2x.png,0,manual
click.email.ticketmaster.com/?qs=2158f9bec54dbf07cef64e62a7a802852bf845a13e1a319ce1a26f1e0c72b36aec59d59f69723749170a105410e7eaa60c8c2fbc5094118b,0,manual
image.email.ticketmaster.com/lib/fe8c137277660c7470/m/6/Onboarding-Email-yt-2x.png,0,manual
click.email.ticketmaster.com/?qs=9072101b02ea567630b199e6c16c2126d81cb8bb60fe3e9061ed242bbc1c05bc36e23d3ea74e5876b29870ec5e08004ea8a4a2edf2d73666,0,manual
image.email.ticketmaster.com/lib/fe8c137277660c7470/m/6/Onboarding-Email-google-2x.png,0,manual
click.email.ticketmaster.com/?qs=d249f6140a22d1812a94175c574d79a78cb183dafe9ef613b92754d8501973da58112deb9e77f57f5557e22b3be408290d981a00780deeef493e0340dead8023,0,manual
click.email.ticketmaster.com/?qs=6c8ff2c9a9b17c6e8b3eda313925a1399742aa8d9db2f0c581d4b2c58336b4b8fb78fecc4860fa13f0aedec174da5613845eec4b1926e98823717e901be4c0bd,0,manual
click.email.ticketmaster.com/?qs=1145f038abd3118e307aab5c60d44f2cf57dcf21db4fd25d922339133415995c0af65b78386804b86d6bf5cbc7dda08960a3414fa2609cf76bf76cb223c55618,0,manual
mclick.udacity.com/z/aop0wixuu?uid=3Dd16077bf-8917-4db,0,manual
mclick.udacity.com/z/hmonz1f7a?uid=3Dd16077bf-8917-4db9-9095-9591eb,0,manual
mclick.udacity.com/customer/unsubscribe?uid=3Dd16077bf-891,0,manual
udacity.com/status/unsubscribed,0,manual
mclick.udacity.com/track?uid=3Dd16077bf-8917-4db9-9095-,0,manual
facebook.com/stradivas?utm_source=3Demail&utm_medium=3Dtransac,0,manual
instagram.com/stradivarius?utm_source=3Demail&utm_medium=3Dtransac,0,manual
twitter.com/stradivarius?utm_source=3Demail&utm_medium=3Dtransacci,0,manual
youtube.com/c/stradivarius?utm_source=3Demail&utm_medium=3Dtra,0,manual
pinterest.com/stradivariusfashion?utm_source=3Demail&utm_mediu,0,manual
apps.apple.com/app/apple-store/id421874087?utm_source=3Demail&utm_,0,manual
facebook.com/stradivas?utm_source=3Demail&amp;,0,manual
instagram.com/stradivarius?utm_source=3Demail&amp;,0,manual
twitter.com/stradivarius?utm_source=3Demail&amp;ut,0,manual
youtube.com/c/stradivarius?utm_source=3Demail&,0,manual
pinterest.com/stradivariusfashion?utm_source,0,manual
apps.apple.com/app/apple-store/id421874087?utm_sou,0,manual
pages.awscloud.com/EMEA_FIELD_WEBINAR_Iberia-reinvent-recap_2022020,0,manual
pages.awscloud.com/EMEA_FIELD_WEBINAR_Iberia-rein,0,manual
pages.awscloud.com/EMEA_FIELD_WEBINAR_,0,manual
aws-floor11.es/faq?sc_channel=3Dem&sc_campaign=3DEMEA_FI,0,manual
pages.awscloud.com/rs/112-TZM-766/images/AmazonEm,0,manual
pages.awscloud.com/rs/112-T,0,manual
pages.awscloud.com/rs/112,0,manual
pages.awscloud.com/rs/112-TZ,0,manual
pages.awscloud.com/rs/112-TZM-766/images/AmazonEmber-Heavy.ttf'),0,manual
pages.awscloud.com/rs/112-TZM-766/images/2021_reInvent,0,manual
pages.awscloud.com/rs/112-TZM-766/images/100x100_benef,0,manual
pages.awscloud.com/rs/112-TZM-766/images/icontp_Comput,0,manual
pages.awscloud.com/rs/112-TZM-766/images/icontp_Databa,0,manual
112-TZM-766.mktoweb.com/rs/112-TZM-766/images/aws-email,0,manual
112-TZM-766.mktoweb.com/rs/112-TZM-766/images/icon_fb.p,0,manual
112-TZM-766.mktoweb.com/rs/112-TZM-766/images/icon_tw.p,0,manual
112-TZM-766.mktoweb.com/rs/112-TZM-766/images/icon_yt.p,0,manual
112-TZM-766.mktoweb.com/rs/112-TZM-766/images/icon_ss.p,0,manual
quora.com/qemail/tc?al_imp=3DeyJ0eXBlIjogMzMsICJoYXN,0,manual
quora.com/qemail/tc,0,manual
quora.com/qemail/tc?al_imp=3De,0,manual
quora.com/qemail/tc?aoid=3DI,0,manual
quora.com/qemail/tc?aoid=3DmGejpe6uanU,0,manual
quora.com/qemail/tc?al_imp=3DeyJ0eXBlIjogMzMsICJoYXNoIjogIj,0,manual
quora.com/qemail/tc?aoid=3DM4ldRCIaWKm&aoty=3D1&aty,0,manual
quora.com/qemail/tc?aoid=3Dqg9AlY1JuyT&aoty=3D1&aty,0,manual
quora.com/qemail/tc?a,0,manual
quora.com/qemail/tc?al_imp=3DeyJ0eXBlIjogMzMsI,0,manual
quora.com/qemail/tc?aoid=3DaPxjX2PJaSS&aoty=3D1&aty=3D4&cp=3D10,0,manual
quora.com/q,0,manual
quora.com/qemail/tc?al_imp=3DeyJ0eXBlIjo,0,manual
quora.com/app?campaign=3Dem,0,manual
quora.com/app?campaign=3Demail_footer_l,0,manual
mailchimp.com/contact/abuse/?u=ff32f9e88a0e19795fce2afc6&id=edd73eb7ef&e=b37104d6d1,0,manual
escandaproperties.us8.list-manage.com/unsubscribe?u=ff32f9e88a0e19795fce2afc6&id=ada97df768&e=b37104d6d1&c=edd73eb7ef>,0,manual
youtube.com/watch?v=3DxDa3JOYD4so,0,manual
youtube.com/watch?v=3DNb_1GGByqNo,0,manual
mailchi.mp/2b7d1a1d17ce/2-special,0,manual
escandaproperties.us8.list-manage.com/,0,manual
facebook.com/EscandaProperties),0,manual
twitter.com/EscandaMarbella),0,manual
instagram.com/escanda_properties_marbella/?hl=3D,0,manual
info.deeplearning.ai/e3t/Ctc/LX+113/cJhC404/VX5Xwn,0,manual
info.deeplearning.ai/e3t/Ctc/LX+113/cJhC404/VX5Xwn2xYP3l,0,manual
info.deeplearning.ai/e3t/Ctc/LX+113/cJhC404/VX5Xwn2xYP3lW1dfVNm,0,manual
info.deeplearning.ai/e3t/Ctc/LX+113/cJhC404/VX5Xwn2xYP3lW1dfVNm8Xlk,0,manual
info.deeplearning.ai/e3t/Ctc/LX+113/cJhC404/VX5Xwn2xYP3lW1df,0,manual
info.deeplearning.ai/e3t/Ctc/LX+113/cJhC404/VX5,0,manual
info.deeplearning.ai/e3t/Ctc/LX+113/cJhC404/VX5Xwn2xYP3lW1dfVNm8,0,manual
info.deeplearning.ai/e3t/Ctc/LX+113/cJhC404/VX5Xwn2xY,0,manual
info.deeplearning.ai/e3t/Ctc/LX+113/cJhC404/VX5Xwn2xYP3,0,manual
info.deeplearning.ai/hs/manage-preferences/unsubscribe,0,manual
info.deeplearning.ai/e3t/Ctc/LX+113/cJhC404/VX5Xwn2xYP3lW,0,manual
info.deeplearning.ai/e3t/Ctc/LX+113/cJhC404/VX5Xwn2xYP3lW1,0,manual
info.deeplearning.ai/e3t/Ctc/LX+113/cJhC404/VX5Xw,0,manual
info.deeplearning.ai/hs-fs/hubfs/TEXTDATA.gif?up,0,manual
info.deeplearning.ai/e3t/Ctc/LX+113/cJhC404/VX5Xwn2xYP3lW1dfVNm8Xl,0,manual
info.deeplearning.ai/e3t/Ctc/LX+113/cJhC404/VX,0,manual
info.deeplearning.ai/e3t/Ctc/LX+113/cJhC404/VX5X,0,manual
info.deeplearning.ai/hs-fs/hubfs/AMAZON-1.gif?up,0,manual
info.deeplearning.ai/e3t/Ctc/LX+113/cJhC404/VX5Xwn2xYP,0,manual
mailchimp.com/contact/abuse/?u=00cc4fd6693da8e92e8e04ffd&id=572ab79977&e=690a4acaf6,0,manual
oportunidadviajera.us15.list-manage.com/unsubscribe?u=00cc4fd6693da8e92e8e04ffd&id=b224f2036e&e=690a4acaf6&c=572ab79977>,0,manual
oportunidadviajera.us15.list-manage.com/track/click?u=3D00c,0,manual
oportunidadviajera.us15.list-manage.com/track/click?u,0,manual
oportunidadviajera.us15.list-manage.com/track/click?,0,manual
mailchimp.com/email-referral/?utm_source=3Dfreemium_newsletter&,0,manual
mailchimp.com/email-referral/?utm_source=3Dfreemium,0,manual
oportunidadviajera.us15.list-manage.com/track/open,0,manual
avory.activehosted.com/box.php?nl=16&c=1077&m=1452&s=0403efe60a1bfce3132b47cbfaee9571&funcml=unsub2&luha=1>,0,manual
avory.lt.acemlnc.com/Prod/link-tracker?redirectUrl=aHR0cHMlM0ElMkYlMkZzdGFybGl0ZW1hcmJlbGxhLmtvb2Jpbi5jb20lMkYlM0ZpZF90aXBvX2V2ZW50byUzRDE=&sig=J3VLVRvFtarTNe6bQqLYLaWiXDk1T3UdmWkt5Dvb7Kee&iat=1671008375&a=%7C%7C25870320%7C%7C&account=avory%2Eactivehosted%2Ecom&email=41%2BYEv8ajVsKcn30TvJs3CIOhRgQ2%2BcaXsVsw6y9hN0%3D&s=0403efe60a1bfce3132b47cbfaee9571&i=1077A1452A16A17765,0,manual
avory.activehosted.com/proc.php?nl=16&amp;c=1077&amp;m=1452&amp;s=0403efe60a1bfce3132b47cbfaee9571&amp;act=unsub,0,manual
notifications.google.com,0,manual
pinterest.com/email/click/=3Fuser_id=3DMTEyNTQwNzUzMTc5M,0,manual
pinterest.com/email/click/,0,manual
pinterest.com/email/click/=3Fuser_id=3DMTEyNTQwNzUz,0,manual
w3.org,0,manual
schema.org/,0,manual
pinterest.com/email/open/=3Fpd=3DdG,0,manual
pinterest.com/email/click/=3Fuser,0,manual
pinterest.com/em,0,manual
pinterest.com/ema,0,manual
pinterest.com/email/click/=3Fuse,0,manual
pinterest.com/email/click/=3Fuser_id=3DMTEyNTQ,0,manual
pinterest.com/email/click/=3Fuser_id,0,manual
pinterest.com/email/click/=3Fuser_id=3DMTE,0,manual
pinterest.com/email/click,0,manual
pinterest.com/email/cli,0,manual
pinterest.com/emai,0,manual
pinterest.com/email/click/=3Fuser_id=3DMTEyNTQwNzUzMTc5MTkz,0,manual
pinterest.com/email/click/=3Fuser_id=3DMTEyNTQwNzUzMTc5,0,manual
pinterest.com/email/click/=3Fuser_id=3DMTEyNTQwNz,0,manual
pinterest.com/email/click/=3Fuser_id=3DMTEyNTQwNzUzMTc5MT,0,manual
pinterest.com/email/cl,0,manual
pinterest.com/email/click/=3Fuser_id=3DMTEyNTQwNzUzMTc,0,manual
pinterest.com/email/click/=3Fuser_id=3DMTEyNT,0,manual
pinterest.com/email/click/=3Fuser_id=3DM,0,manual
pinterest.com/email,0,manual
pinterest.com/email/click/=3Fuser_id=3DMTEyNTQwN,0,manual
pinterest.com/email/tracking.gif=3Fe_t,0,manual
pinterest.com/email/open/=3Fpd=3DdGl,0,manual
info.deeplearning.ai/e3t/Ctc/LX+113/cJhC404/VX8rZR,0,manual
info.deeplearning.ai/e3t/Ctc/LX+113/cJhC404/VX8rZR4Bd4yf,0,manual
info.deeplearning.ai/e3t/Ctc/LX+113/cJhC404/VX8rZR4Bd4yfW4SFgdQ2GrN,0,manual
info.deeplearning.ai/e3t/Ctc/LX+113/cJhC404/VX8rZR4Bd4yfW4SFgd,0,manual
info.deeplearning.ai/e3t/Ctc/LX+113/cJhC404/VX8rZR4Bd4yfW4SFgdQ2G,0,manual
info.deeplearning.ai/e3t/Ctc/LX+113/cJhC404/VX8rZR4B,0,manual
info.deeplearning.ai/e3t/Ctc/LX+113/cJhC404/VX8rZR4Bd4yfW4SFgdQ2Gr,0,manual
info.deeplearning.ai/e3t/Ctc/LX+113/cJhC404/VX8rZR4Bd,0,manual
info.deeplearning.ai/e3t/Ctc/LX+113/cJhC404/VX8rZ,0,manual
info.deeplearning.ai/e3t/Ctc/LX+113/cJhC404/VX8r,0,manual
info.deeplearning.ai/e3t/Ctc/LX+113/cJhC404/VX8rZR4Bd4yfW4SF,0,manual
info.deeplearning.ai/e3t/Ctc/LX+113/cJhC404/VX8rZR4Bd4yfW,0,manual
info.deeplearning.ai/e3t/Ctc/LX+113/cJhC404/VX8rZR4Bd4yfW4,0,manual
info.deeplearning.ai/e3t/Ctc/LX+113/cJhC404/V,0,manual
info.deeplearning.ai/e3t/Ctc/LX+113/cJhC404/VX8rZR4,0,manual
info.deeplearning.ai/e3t/Ctc/LX+113/cJhC404/VX8rZR4Bd4yfW4S,0,manual
info.deeplearning.ai/e3t/Ctc/LX+113/cJhC404/VX8rZR4Bd4yfW4SFgdQ,0,manual
info.deeplearning.ai/hs-fs/hubfs/FEES.gif?up,0,manual
info.deeplearning.ai/hs-fs/hubfs/FEES.gif?upscale=3Dtrue&amp;width,0,manual
info.deeplearning.ai/hs-fs/hubfs/1673045257638%20(1).png?upscal,0,manual
info.deeplearning.ai/hs-fs/hubfs/1673045257638%20(1).png,0,manual
info.deeplearning.ai/e3t/Ctc/LX+113/cJhC404/VX8rZR4Bd4yfW4SFg,0,manual
salesmanago.pl/optOut.htm?uid=10c36531-56ad-11ed-ba53-2841c6acdb70&sec=f9fb0882851c8de32e229759fab63eb33bda3c0d3f05603d7cbcdba356e43245&conversation=5f6558aa-24f0-49f3-b4b4-f673b5d57f13&optOutLanguage=en&auto=true>,0,manual
salesmanago.pl,0,manual
s-img.s3-eu-west-1.amazonaws.com/krpjwvan0blarmwm.jpg,0,manual
s-img.s3-eu-west-1.amazonaws.com/3e2kizidhopnpfdc.jpg,0,manual
e.linkedin.com/pub/optout/UnsubscribeOneStepConfirmAction?YES=true&_ri_=X0Gzc2X%3DAQpglLjHJlYQGza4zfILdTK08mezdGMcESmFzgA8zbjjlvCJJyTdHRGlICzdy2apG8zfo36NTri3kUlzg7Cb6LIT&_ei_=EUlaGGF4SNMvxFF7KucKuWOZi8gp7zmWF8K2XijvCeSZtGJ2D8aVEkQDTSODFAaaaktOIIsEyMINdFDHKG-m55KMYYYn_Ajt3I7rUrCTd74g3xSgZ5n_a3pGjg1QxNE5IOwhBvCX-kID7RZavgM2omw8g1P8MD2Z75cD.>,0,manual
bmbq.uma.es,0,manual
scbi.uma.es,0,manual
myaccount.google.com/secure-account?,0,manual
accounts.google.com/AccountChooser?Email=3Dpilarpineirope,0,manual
myaccount.google.com/secure-account?u,0,manual
dropbox.com/l/AAAGeRpxG20S8imnySeTehEIEKjQxyh36-g/team/dec,0,manual
dropbox.com/l/AADaSM6Mq8UoUIBcs4u6M26av6tnNqwrHME/team/adm,0,manual
dropbox.com/l/AAC68VZrr2vXeNuUYs7TDYutXQok_ytK_28/team/,0,manual
dropbox.com/l/AACWx4BcWoHz6_mX6,0,manual
mclick.udacity.com/z/ms3mxf0ne?uid=3Dd16077bf-8,0,manual
mclick.udacity.com/z/8ii5wnm4b?uid=3Dd16077bf-8917-4db9-,0,manual
business.udacity.com/,0,manual
mclick.udacity.com/z/fnblg3eiu?ui,0,manual
mclick.udacity.com/z/j52zwhq5u?uid,0,manual
mclick.udacity.com/z/hwuesi7hf?uid=3Dd16077bf,0,manual
mclick.udacity.com/z/9pr25syww?uid=3Dd,0,manual
mclick.udacity.com/z/h7t9nr4hi?uid=3D,0,manual
mclick.udacity.com/z/p4h61dcuw?uid=3Dd16077bf-8917-4db9-9095-9591eb,0,manual
tclick.udacity.com/wf/open?upn=3Dl,0,manual
dropbox.com/l/AAAXzA0O-vQU8J-edNu5qgc3ZNTj-2r6RAY/team/dec,0,manual
dropbox.com/l/AAAJchDofRVZUG9IexMFi_9lb9iZcguAuFU/team/adm,0,manual
dropbox.com/l/AABJH5CBv7CDvZi1k7BqxaomHkujUf9Fg-w/team/,0,manual
dropbox.com/l/AAAy6IMhmApojc1yA,0,manual
mimshoes.com/,0,manual
mimshoes.com/products/yori-negro,0,manual
mimshoes.com/products/greta-metalizado,0,manual
mimshoes.com/products/zelda-top-morado?_pos=3D2&_sid=3D762fa7036&_s,0,manual
mimshoes.com/collections/bf22,0,manual
pinterest.es/mimshoes/),0,manual
trk.klclick1.com/wf/open?upn=3DlHaJuk5LtPsRIqZaqEHiN50l,0,manual
link.morningbrew.com/oc/6232222f626ede035d6cff07i3gc1.1jrgu/750b97ee,0,manual
media.sailthru.com,0,manual
media.sailthru.com/5z8/1k4/4/2/5e865734bf6f7.jpg,0,manual
media.sailthru.com/5z8/1k4/4/2/5e86574d1eb82.jpg,0,manual
media.sailthru.com/5z8/1k4/4/2/5e86576e04837.jpg,0,manual
media.sailthru.com/5z8/1k4/4/2/5e8657887c532.jpg,0,manual
morningbrew-public-assets.s3.amazonaws.com/twitter.png,0,manual
morningbrew-public-assets.s3.amazonaws.com/facebook.png,0,manual
morningbrew-public-assets.s3.amazonaws.com/linkedin.png,0,manual
morningbrew-public-assets.s3.amazonaws.com/instagram.png,0,manual
morningbrew-public-assets.s3.amazonaws.com/youtube.png,0,manual
morningbrew-public-assets.s3.amazonaws.com/tiktok.png,0,manual
geropp.activehosted.com/box.php?nl=1&c=17&m=19&s=04ca51feebb5c1e96b1882e1c3e04299&funcml=unsub2&luha=1>,0,manual
geropp.lt.acemlnb.com/Prod/link-tracker?redirectUrl=aHR0cHMlM0ElMkYlMkZ5b3V0dS5iZSUyRmlRSjBqbzY5SjhJ&sig=AHg5LpGLJvQGCRmTCpHAxFPB8LHQtmvXuEfUewajRFWh&iat=1674454533&a=%7C%7C223684343%7C%7C&account=geropp%2Eactivehosted%2Ecom&email=41%2BYEv8ajVsKcn30TvJs3CIOhRgQ2%2BcaXsVsw6y9hN0%3D&s=04ca51feebb5c1e96b1882e1c3e04299&i=17A19A1A66,0,manual
geropp.lt.acemlnb.com/Prod/link-tracker?redirectUrl=aHR0cHMlM0ElMkYlMkZ5b3V0dS5iZSUyRmlRSjBqbzY5SjhJ&sig=AHg5LpGLJvQGCRmTCpHAxFPB8LHQtmvXuEfUewajRFWh&iat=1674454533&a=%7C%7C223684343%7C%7C&account=geropp%2Eactivehosted%2Ecom&email=41%2BYEv8ajVsKcn30TvJs3CIOhRgQ2%2BcaXsVsw6y9hN0%3D&s=04ca51feebb5c1e96b1882e1c3e04299&i=17A19A1A66>,0,manual
geropp.activehosted.com/proc.php?nl=1&c=17&m=19&s=04ca51feebb5c1e96b1882e1c3e04299&act=unsub>,0,manual
quora.com/Does-NET-have-any-future,0,manual
quora.com/qemail/track_click?al_imp=3DeyJ0eXBlIjogMzMsICJoYX,0,manual
quora.com/qemail/track_click?aoid=3D9nrws72HVia&,0,manual
quora.com/qemail/track_click?aoid=3DR4mBbo3j0DZ&a,0,manual
quora.com/qemail/track_click?aoid=3DLoCI6xEln4A&amp;,0,manual
quora.com/_/cli?ct=3D155461486,0,manual
quora.com/_/imp?ct=3D1554614868348097&amp;id=3D,0,manual
quora.com/qemail/track_click?al_,0,manual
quora.com/qemail/track_click?aoid=3Dq2FNkazacJj&amp;aoty,0,manual
quora.com/qemail/track_click?aoid=3DmD5,0,manual
quora.com/qemail/track_click?aoid=3DLVWS,0,manual
quora.com/qemail/track_click?aoid=3D4qmcFMlsgki&amp;aoty=3D3&am,0,manual
quora.com/qemail/track_click?aoid=3Di2Pvruu1g4&amp;aot,0,manual
quora.com/qemail/track_click?aoid=3DVPt9raeDErB&a,0,manual
quora.com/qemail/track_click?aoid,0,manual
quora.com/qemail/track_click?al_imp=3DeyJ0eXBlIjogMzMsICJo,0,manual
quora.com/qemail/track_click?aoid=3D3Xbrb6v8X81&amp;aoty=3D,0,manual
quora.com/qemail/track_click?aoid=3D9E9SCPWIChT&amp;aot,0,manual
quora.com/qemail/track_click?al_imp=3DeyJ0eXB,0,manual
quora.com/qemail/track_click?aoid=3D3p8R7SdUWCi&amp;aoty=3D,0,manual
quora.com/qemail/track_click?aoid=3Dm2q9gQbMopy&am,0,manual
quora.com/app?campaign=3Demail_footer_links,0,manual
d3smpkehiq8afm.cloudfront.net/assets/fonts/UberMove/,0,manual
d3smpkehiq8afm.cloudfront.net/,0,manual
movable-ink-344.com/p/rp/bf21ff0ab6a2068c.pn,0,manual
ubereats.app.link/cwmLFZfMz5?%243p=3Da_custom_354088,0,manual
ubereats.app.link/cwmLFZfMz5?%243p=3Da_custom_354088&amp;%24de,0,manual
movable-ink-344.com/,0,manual
movable-ink-344.com/p/rp/bf21ff0ab6a2068c.png?mi,0,manual
ubereats.app.link/,0,manual
ubereats.app.link/cwmLFZf,0,manual
ubereats.app.link/cwmLFZ,0,manual
movable-ink-344.com/p/rp/bf21ff0ab6a2068c.png?mi_rest_,0,manual
ubereats.app.link/cwmLFZfMz5?%,0,manual
email.uber.com/ss/o/lXvE-d4mMfd45qLWELabOw/3t8/Q3eh7ZJqQ,0,manual
linkedin.com/comm/psettings/email-unsubscribe?lipi=urn%3Ali%3Apage%3Aemail_jobs_jymbii_digest%3Bmw0KYH%2BAQHuyCeZeBjTKsA%3D%3D&midToken=AQFaoHoCxIWnHw&midSig=2FrpP_ohuR_GA1&trk=eml-jobs_jymbii_digest-unsub-0-unsub&trkEmail=eml-jobs_jymbii_digest-unsub-0-unsub-null-92z96v,0,manual
linkedin.com/comm/jobs/collections/recommended?origin=3DJ,0,manual
linkedin.com/comm/jobs/view/3460410070/?trackingId=3D8Pd0,0,manual
linkedin.com/comm/jobs/view/3422053451/?trackingId=3D%2FT,0,manual
linkedin.com/comm/jobs/view/3430506947/?trackingId=3DdP9X,0,manual
linkedin.com/comm/jobs/view/3425028964/?trackingId=3Dhzsd,0,manual
linkedin.com/comm/jobs/view/3445307808/?trackingId=3Ds7JO,0,manual
linkedin.com/comm/jobs/view/3409149013/?trackingId=3DIRxk,0,manual
linkedin.com/comm/premium/products/?family=3Djss&lipi=3Du,0,manual
linkedin.com/comm/post-a-job/?lipi=3Durn%3Ali%3Apage%3Aem,0,manual
linkedin.com/help/linkedin/answer/4788?lang=3Den&lipi=3Du,0,manual
linkedin.com/comm/jobs/alerts?lipi=3Durn%3Ali%3Apage%3Aem,0,manual
linkedin.com/comm/psettings/email-unsubscribe?lipi=3Durn%,0,manual
linkedin.com/help/linkedin/answer/67?lang=3Den&lipi=3Durn,0,manual
linkedin.com/comm/feed/?lipi,0,manual
linkedin.com/comm/jobs/,0,manual
linkedin.com/comm/jobs/view/3460410070/?t,0,manual
linkedin.com/comm/jobs/view/3460410070/?trackingId=3D,0,manual
linkedin.com/comm/jobs/view/3460410070/?trac,0,manual
linkedin.com/comm/jobs/view/3422053451/?trackingId,0,manual
linkedin.com/comm/jobs/view/3422053451/?trackingId=3D%2,0,manual
linkedin.com/,0,manual
static.licdn.com/aero-v1/sc/h/1sk0fbe9amaiat5elvybbtxsm,0,manual
linkedin.com/comm/jobs/view/3445307808/?trac,0,manual
linkedin.com/comm/jobs/view/3409149013/?tra,0,manual
linkedin.com/comm/jobs/view/3409149013/?trac,0,manual
linkedin.com/comm/jobs/collections/recommend,0,manual
linkedin.com/comm/jobs/collections/recommended,0,manual
linkedin.com/comm/post-a-job/?lipi=3Durn%3Ali%3Ap,0,manual
itunes.apple.com/,0,manual
linkedin.com/help/linkedin/answer/4788?lang=3Den&amp;,0,manual
linkedin.com/comm/jobs/alerts?lipi=3Durn%3Ali,0,manual
linkedin.com/help/linkedin/answer/67?lang=3Den&amp;lipi=3D,0,manual
linkedin.com/comm/feed/?lipi=3Durn%,0,manual
w3.org/TR/REC-html40,0,manual
aws.amazon.com/es/,0,manual
aws-experience.com/emea/madrid/e/4e454/conoce-la-region-,0,manual
pages.awscloud.com/rs/112-TZM-766/images/la,0,manual
mimshoes.com/collections/tacones-aw22,0,manual
mimshoes.com/collections/sneakers-new,0,manual
mimshoes.com/collections/nueva-coleccion-botas-fw22,0,manual
gen.sendtric.com/countdown/nkh7azsg0g,0,manual
preprints.org/manuscript/202207.0072/v1,0,manual
preprints.org/user/home/submissions/online.,0,manual
preprints.org/user/home/submissions/online).,0,manual
preprints.org/,0,manual
quora.com/qemail/track_click?al_imp=3DeyJ0eXBlIjogMzMsICJoYXNo,0,manual
quora.com/qema,0,manual
quora.com/qemail/track_click?aoi,0,manual
quora.com/_/cli?ct=3D1554457025121670&amp;id=3D71b16,0,manual
codecademy.com/learn/getting-started-with-python-for-data-scie,0,manual
codecademy.com/learn/paths/bi-data-analyst?utm_campaign=3Dcamp,0,manual
discuss.codecademy.com/t/whaca-mole-but-its-santa/714085?utm_campa,0,manual
discuss.codecademy.com/t/naughty-or-nice/717094?utm_campaign=3Dcam,0,manual
codecademyready.typeform.com/to/pt5GKldM,0,manual
codecademy.com/account/mail_settings?utm_source=3Diterable&utm,0,manual
codecademy.com/policy?utm_source=3Diterable&utm_medium=3Demail,0,manual
mg.itr.mail.codecademy.com/o/eJw9jLFywyAQR,0,manual
clicks.edx.org/f/a/xzRBHKsYALDWYT437ZOu6A,0,manual
clicks.edx.org/f/a/Jhj9d4i_BzFL1ZHD1MAsDw,0,manual
clicks.edx.org/f/a/,0,manual
clicks.edx.org/f/a/Hs-ZUOd0oIZRypO2Og8cC,0,manual
clicks.edx.org/f/a/Hs-ZUOd0oIZRypO2Og8c,0,manual
clicks.edx.org/f/a/Sh6csK_048ok6JHmzCbC-g,0,manual
clicks.edx.org/f/a/yaQhBQBKncMzrMu66uposQ,0,manual
clicks.edx.org/f/a/N8TiaHT2g2fIXG5RKgowoA,0,manual
clicks.edx.org/f/a/SzRfz3GYXK0-ZPowVuhRhw,0,manual
clicks.edx.org/f/a/H2mGa_U,0,manual
email-media.s3.amazonaws.com/edX/2021/edX_logo.png,0,manual
clicks.edx.org/f/a/s5Bq2dZB5gntYFiO3KdJDQ,0,manual
clicks.edx.org/f/a/Hmty5p-oT6OYQLYpoYRbRg,0,manual
clicks.edx.org/f/a/W5Kh4nfgq,0,manual
clicks.edx.org/f/a/fde1hELY_dS-AbnaoBtg1Q,0,manual
clicks.edx.org/f/a/v2Tw_v-W50htcO,0,manual
clicks.edx.org/f/a/RVh5lyK9yT,0,manual
clicks.edx.org/f/a/MCYJI12IySWTY_0GBJ3P8g,0,manual
clicks.edx.org/f/a/Xp9yPiKpXYpEYLSAIwXFL,0,manual
email-media.s3.amazonaws.com/edX/2021/social_3_linkedin.png,0,manual
clicks.edx.org/f/a/tM0pYAoDeoCzisDL-hJcJA,0,manual
clicks.edx.org/f,0,manual
email-media.s3.amazonaws.com/edX/2021/store_apple_229x78.jpg,0,manual
clicks.edx.org/f/a/egdwWG2o5EIYK6nzRn2JTg,0,manual
clicks.edx.org/f/a/Uz3ig-_ZpxtG1s9x_0girg,0,manual
clicks.edx.org/f/a/VhAE5LDWooSuTIowm-2Zjg,0,manual
clicks.edx.org/q/sBlbsLuVbzfu_xdURXCPNw,0,manual
clicks.me,0,manual
susy.mdpi.com/user/manuscripts/resubmit/9b1b057cb1702942b06015fe1,0,manual
susy.mdpi.com/user/manuscripts/resubmit/9b1b057cb1702942b,0,manual
click.pl,0,manual
click.pluralsight.com/f/a/ZQT3gigKjR1LCmnWTyeVxw,0,manual
click.pluralsight.com/f/a/MSla-owaQn3KnEnBVrr54g,0,manual
click.pluralsight.com/f/a/JWYEk,0,manual
click.pluralsight.com/f/a/kc8,0,manual
click.pluralsight.com/f/a/3yYTOsX3z2Rps_Qdna,0,manual
geropp.activehosted.com/box.php?nl=1&c=10&m=12&s=04ca51feebb5c1e96b1882e1c3e04299&funcml=unsub2&luha=1>,0,manual
geropp.lt.acemlnb.com/Prod/link-tracker?redirectUrl=aHR0cHMlM0ElMkYlMkZ5b3V0dS5iZSUyRnk4LVNWemNPQUtr&sig=1iy8qm3Gskdbtxd3bMCRQR6763E9RpmepcDq3Lf46pY&iat=1672034772&a=%7C%7C223684343%7C%7C&account=geropp%2Eactivehosted%2Ecom&email=41%2BYEv8ajVsKcn30TvJs3CIOhRgQ2%2BcaXsVsw6y9hN0%3D&s=04ca51feebb5c1e96b1882e1c3e04299&i=10A12A1A38,0,manual
geropp.lt.acemlnb.com/Prod/link-tracker?redirectUrl=aHR0cHMlM0ElMkYlMkZ5b3V0dS5iZSUyRnk4LVNWemNPQUtr&sig=1iy8qm3Gskdbtxd3bMCRQR6763E9RpmepcDq3Lf46pY&iat=1672034772&a=%7C%7C223684343%7C%7C&account=geropp%2Eactivehosted%2Ecom&email=41%2BYEv8ajVsKcn30TvJs3CIOhRgQ2%2BcaXsVsw6y9hN0%3D&s=04ca51feebb5c1e96b1882e1c3e04299&i=10A12A1A38>,0,manual
geropp.activehosted.com/proc.php?nl=1&c=10&m=12&s=04ca51feebb5c1e96b1882e1c3e04299&act=unsub>,0,manual
geropp.imgus11.com/public//5ff3707004ffca40c14c5fcb5a2160f1.,0,manual
dslntlv9vhjr4.cloudfront.net/crowd_images/YZunlvtaHllLP.png,0,manual
glassdoor.co,0,manual
mail8.content.glassdoor.com/wf/open?upn=3DlHaJu,0,manual
dropbox.com/l/AAAeaxQ10Dio5P37MdJRL8jIPTrHIVSCzDQ/team/adm,0,manual
dropbox.com/l/AAAqOgux-G0MyGmCCO6i8deAFR2Qu0,0,manual
dropbox.com/l/AABPrSaNupR-RdWh1,0,manual
notifications.google.com/g/optout/AM0Oveqb1bBR6RiCmYQo-RdD9A3mpVwwC-3XoIRc0YBLC8fsI_6K5XHl7Pi6TcU_Ryh_eiwD7SeQdRK8LA5uoRl7KySuKYTND2ASkkLUSiyspkA0icxlzwjpBerhDt6t3vSGBMYmcmP_W1YyhKdDcj2kkMa0WAFeDraKC8jkLrERJc7LjwXPyCQX_wtbRnQFhIrVg_TSmtToY9F6fYMuefYJ9aBTDbWmvw_TRzJr2QlKHS0trlBYuRfV?hl=en>,0,manual
gstatic.com/gumdrop/files/privacy-checkup-2x-wd144px.png,0,manual
gstatic.com/gumdrop/files/security-checkup-2x-wd192px.png,0,manual
gstatic.com/images/branding/product/2x/email_64dp.png,0,manual
notifications.google.com/g,0,manual
list-unsubscribe.eservice.emarsys.net/api/unsubscribe/886509125_89350_14110_msZowRWiKL>,0,manual
links.savagex.es/u/gm.php?prm=3DmsZowRWiKL_886509125_89350_14110&_e,0,manual
links.savagex.es/u/nrd.php?p=3DmsZowRWiKL_14110_89350_1_2&ems_l=3D1,0,manual
links.savagex.es/u/nrd.php?p=3DmsZowRWiKL_14110_89350_1_4&ems_l=3D1,0,manual
links.savagex.es/u/nrd.php?p=3DmsZowRWiKL_14110_89350_1_8&ems_l=3D1,0,manual
links.savagex.es/u/nrd.php?p=3DmsZowRWiKL_14110_89350_1_10&ems_l=3D,0,manual
links.savagex.es/u/nrd.php?p=3DmsZowRWiKL_14110_89350_1_12&ems_l=3D,0,manual
links.savagex.es/u/nrd.php?p=3DmsZowRWiKL_14110_89350_1_14&ems_l=3D,0,manual
links.savagex.es/u/nrd.php?p=3DmsZowRWiKL_14110_89350_1_16&ems_l=3D,0,manual
links.savagex.es/u/nrd.php?p=3DmsZowRWiKL_14110_89350_1_18&ems_l=3D,0,manual
links.savagex.es/u/nrd.php?p=3DmsZowRWiKL_14110_89350_1_20&ems_l=3D,0,manual
links.savagex.es/u/nrd.php?p=3DmsZowRWiKL_14110_89350_1_22&ems_l=3D,0,manual
links.savagex.es/u/nrd.php?p=3DmsZowRWiKL_14110_89350_1_24&ems_l=3D,0,manual
links.savagex.es/u/nrd.php?p=3DmsZowRWiKL_14110_89350_1_26&ems_l=3D,0,manual
links.savagex.es/u/nrd.php?p=3DmsZowRWiKL_14110_89350_1_28&ems_l=3D,0,manual
links.savagex.es/u/nrd.php?p=3DmsZowRWiKL_14110_89350_1_30&ems_l=3D,0,manual
links.savagex.es/u/nrd.php?p=3DmsZowRWiKL_14110_89350_1_32&ems_l=3D,0,manual
links.savagex.es/u/nrd.php?p=3DmsZowRWiKL_14110_89350_1_34&ems_l=3D,0,manual
links.savagex.es/u/nrd.php?p=3DmsZowRWiKL_14110_89350_1_36&ems_l=3D,0,manual
links.savagex.es/u/nrd.php?p=3DmsZowRWiKL_14110_89350_1_38&ems_l=3D,0,manual
links.savagex.es/u/nrd.php?p=3DmsZowRWiKL_14110_89350_1_40&ems_l=3D,0,manual
links.savagex.es/u/nrd.php?p=3DmsZowRWiKL_14110_89350_1_42&ems_l=3D,0,manual
links.savagex.es/u/nrd.php?p=3DmsZowRWiKL_14110_89350_1_44&ems_l=3D,0,manual
links.savagex.es/u/nrd.php?p=3DmsZowRWiKL_14110_89350_1_46&ems_l=3D,0,manual
links.savagex.es/u/nrd.php?p=3DmsZowRWiKL_14110_89350_1_48&ems_l=3D,0,manual
links.savagex.es/u/nrd.php?p=3DmsZowRWiKL_14110_89350_1_50&ems_l=3D,0,manual
links.savagex.es/u/nrd.php?p=3DmsZowRWiKL_14110_89350_1_52&ems_l=3D,0,manual
links.savagex.es/u/gm.php?prm=3Dms,0,manual
links.savagex.es/u/nrd.php?p=3DmsZo,0,manual
links.savagex.es/u/nrd.php?p=3DmsZowRWiKL_14110_89350_1_3&ems_l,0,manual
links.savagex.es/u/nrd.php?p=3DmsZowRWiKL_14110_89350_1_7&ems_,0,manual
links.savagex.es/u/nrd.php?p=3DmsZowRWiKL_14110_89350_1_9&ems_l,0,manual
links.savagex.es/u/nrd.php?p=3DmsZowRWiKL_14110_89350_1_11&ems_,0,manual
links.savagex.es/u/nrd.php?p=3DmsZowRWiKL_14110_89350_1_13&ems_,0,manual
links.savagex.es/u/nrd.php?p=3DmsZowRWiKL_14110_89350_1_15&ems_,0,manual
links.savagex.es/u/nrd.php?p,0,manual
links.savagex.es,0,manual
links.savagex.es/u/nrd.php?p=3DmsZ,0,manual
links.savagex.es/u/nrd.php?p=3DmsZowRWiKL_14110_89350_1_,0,manual
links.savagex.es/u/nrd.php?p=3DmsZowRWiKL_14110_,0,manual
links.savagex.es/mo/msZowRWiKL_886509125_89350_14110_10,0,manual
blog.trello.com/ideal-balance-of-autonomy,0,manual
trello.com/views>=0A,0,manual
trello.com/views>,0,manual
facebook.com/trelloapp>=C2=A0=C2=A0,0,manual
trello.com/privacy,0,manual
trello.com/my/account>,0,manual
i-sp.trellomail.com/q/BtaC6HxFe_u3s63jKA5Axw,0,manual
info.deeplearning.ai/e3t/Ctc/LX+113/cJhC404/VW7HwQ,0,manual
info.deeplearning.ai/e3t/Ctc/LX+113/cJhC404/VW7HwQ8NcPFq,0,manual
info.deeplearning.ai/e3t/Ctc/LX+113/cJhC404/VW7HwQ8NcPF,0,manual
info.deeplearning.ai/e3t/Ctc/LX+113/cJhC404/VW7HwQ8NcPFqW6F,0,manual
info.deeplearning.ai/e3t/Ctc/LX+113/cJhC404/VW7HwQ8NcPFqW6Fy,0,manual
info.deeplearning.ai/e3t/Ctc/LX+113/cJhC404/VW,0,manual
info.deeplearning.ai/e3t/Ctc/LX+113/cJhC404/VW7HwQ8NcPFqW6FyR,0,manual
info.deeplearning.ai/e3t/Ctc/LX+113/cJhC404/VW7Hw,0,manual
info.deeplearning.ai/e3t/Ctc/LX+113/cJhC404/VW7HwQ8NcPFqW6FyRCS4,0,manual
info.deeplearning.ai/e3t/Ctc/LX+113/cJhC404/VW7HwQ8NcPFqW6FyRCS4Q,0,manual
info.deeplearning.ai/e3t/Ctc/LX+113/cJhC404/VW7HwQ8NcPFqW6,0,manual
info.deeplearning.ai/e3t/Ctc/LX+113/cJhC404/VW7HwQ8Nc,0,manual
info.deeplearning.ai/e3t/Ctc/LX+113/cJhC404/VW7,0,manual
info.deeplearning.ai/e3t/Ctc/LX+113/cJhC404/VW7HwQ8NcPFqW6FyRCS4Q93,0,manual
info.deeplearning.ai/e3t/Ctc/LX+113/cJhC404/VW7HwQ8NcPFqW,0,manual
info.deeplearning.ai/e3t/Ctc/LX+113/cJhC404/VW7HwQ8NcPFqW6FyRCS,0,manual
info.deeplearning.ai/hs-fs/hubfs/DRONEWAY.gif?up,0,manual
info.deeplearning.ai/e3t/Ctc/LX+113/cJhC404/VW7HwQ8NcPFqW6FyRCS4Q9,0,manual
info.deeplearning.ai/e3t/Ctc/LX+113/cJhC404/VW7HwQ8,0,manual
info.deeplearning.ai/e3t/Ctc/LX+113/cJhC404/VW7HwQ8NcPFqW6FyRC,0,manual
info.deeplearning.ai/e3t/Ctc/LX+113/cJhC404/VW7HwQ8NcP,0,manual
info.deeplearning.ai/hs-fs/hubfs/BEES.png?up,0,manual
info.deeplearning.ai/hs-fs/hubfs/BEES.png?upscale=3Dtrue&amp;width,0,manual
info.deeplearning.ai/hs-fs/hubfs/JURY.gif?up,0,manual
info.deeplearning.ai/hs-fs/hubfs/JURY.gif?upscale=3Dtrue&amp;width,0,manual
avory.activehosted.com/box.php?nl=16&c=1100&m=1475&s=0403efe60a1bfce3132b47cbfaee9571&funcml=unsub2&luha=1>,0,manual
avory.lt.acemlnc.com/Prod/link-tracker?redirectUrl=aHR0cHMlM0ElMkYlMkZzdGFybGl0ZW1hcmJlbGxhLmtvb2Jpbi5jb20lMkYlM0ZpZF90aXBvX2V2ZW50byUzRDE=&sig=J8mrn4FoFiuphdp9LfwNu8cqNfgpm4XSayYixw3Twtcu&iat=1674118965&a=%7C%7C25870320%7C%7C&account=avory%2Eactivehosted%2Ecom&email=41%2BYEv8ajVsKcn30TvJs3CIOhRgQ2%2BcaXsVsw6y9hN0%3D&s=0403efe60a1bfce3132b47cbfaee9571&i=1100A1475A16A18249,0,manual
avory.activehosted.com/proc.php?nl=16&amp;c=1100&amp;m=1475&amp;s=0403efe60a1bfce3132b47cbfaee9571&amp;act=unsub,0,manual
col.idealista.com/toto?s=3D582065&xto=3DEPR-1236-[daily_total_aler,0,manual
goodreads.com/user/show/37892301?rto=3Dfriend_update_daily_row,0,manual
goodreads.com/user/show/51786105?rto=3Dfriend_update_daily_row,0,manual
goodreads.com?rto=3Dfriend_update_daily_row&ref_=3Dfollow]You,0,manual
goodreads.com/unsubscribe/subscriptions/o/1unX0pBzJT62NWlaeZ7b,0,manual
rd.goodreads.com/gp/r.html?C=3D1OGFFXGJ5,0,manual
goodreads.com/gp/r.html?C=3D1OG,0,manual
d.gr-assets.com/books/1655741523l/59811278.jpg,0,manual
goodreads.com/gp/r.html?C=3D1OGFFXGJ5N6QC&K,0,manual
d.gr-assets.com/books/1603910942l/27420709.jpg,0,manual
goodreads.com/gp/r.html?C=3D1OGFFXGJ5N6QC&K=3D1QPQNW75TCVDF,0,manual
rd.goodreads.com/gp/r.html?C=3D1OGFF,0,manual
click.email.zalando-prive.com/subscription_center.aspx?jwt=eyJhbGciOiJIUzI1NiIsInR5cCI6IkpXVCJ9.eyJtaWQiOiIxMDAwMTYxODEiLCJzIjoiNzQ1ODY5NzUiLCJsaWQiOiIxMCIsImoiOiIxNDkwNjgiLCJqYiI6IjIwMDQxIiwiZCI6IjEwMDE3OSJ9.L9grARh0CUO-ECStDmOdT1HCmjGTxOe4ZGrAD1Fj7yo>,0,manual
view.email.zalando-prive.com/?qs=1cc3a5db8916b8143a944bdd5e755b785db2a31869dd8d9220653f25ef7c9fe4a1744752b995d97de4104ab06468a385e17c18357b33d5ccf27ef9b77ffc7b1d,0,manual
zalando-prive.es/campaigns/ZZO25EC?__newsletter=ZZL%3bR2hkSHj6uBSV8mbJ4ovq835Ab2FLlM97bjyQEIILC7pGeYre1zaxdsifz4-iJh_Kkn4G5mWn8YNHtEOuNXYYAA%2c%2c&utm_source=CRM&utm_medium=nwl&utm_campaign=ES_DAILY_8.0_2023kw01Fri&utm_content=ES-ES_RP_campaigns%2FZZO25EC_,0,manual
zalando-prive.es/campaigns/ZZO25KD?__newsletter=ZZL%3bR2hkSHj6uBSV8mbJ4ovq835Ab2FLlM97bjyQEIILC7pGeYre1zaxdsifz4-iJh_Kkn4G5mWn8YNHtEOuNXYYAA%2c%2c&utm_source=CRM&utm_medium=nwl&utm_campaign=ES_DAILY_8.0_2023kw01Fri&utm_content=ES-ES_RP_campaigns%2FZZO25KD_,0,manual
zalando-prive.es/campaigns/ZZO25X5?__newsletter=ZZL%3bR2hkSHj6uBSV8mbJ4ovq835Ab2FLlM97bjyQEIILC7pGeYre1zaxdsifz4-iJh_Kkn4G5mWn8YNHtEOuNXYYAA%2c%2c&utm_source=CRM&utm_medium=nwl&utm_campaign=ES_DAILY_8.0_2023kw01Fri&utm_content=ES-ES_RP_campaigns%2FZZO25X5_,0,manual
zalando-prive.es/campaigns/ZZO23D8?__newsletter=ZZL%3bR2hkSHj6uBSV8mbJ4ovq835Ab2FLlM97bjyQEIILC7pGeYre1zaxdsifz4-iJh_Kkn4G5mWn8YNHtEOuNXYYAA%2c%2c&utm_source=CRM&utm_medium=nwl&utm_campaign=ES_DAILY_8.0_2023kw01Fri&utm_content=ES-ES_RP_campaigns%2FZZO23D8_,0,manual
zalando-prive.es/campaigns/ZZO21AE?__newsletter=ZZL%3bR2hkSHj6uBSV8mbJ4ovq835Ab2FLlM97bjyQEIILC7pGeYre1zaxdsifz4-iJh_Kkn4G5mWn8YNHtEOuNXYYAA%2c%2c&utm_source=CRM&utm_medium=nwl&utm_campaign=ES_DAILY_8.0_2023kw01Fri&utm_content=ES-ES_RP_campaigns%2FZZO21AE_,0,manual
zalando-prive.es/campaigns/ZZO25C9?__newsletter=ZZL%3bR2hkSHj6uBSV8mbJ4ovq835Ab2FLlM97bjyQEIILC7pGeYre1zaxdsifz4-iJh_Kkn4G5mWn8YNHtEOuNXYYAA%2c%2c&utm_source=CRM&utm_medium=nwl&utm_campaign=ES_DAILY_8.0_2023kw01Fri&utm_content=ES-ES_RP_campaigns%2FZZO25C9_,0,manual
zalando-prive.es/campaigns/ZZO27E8?__newsletter=ZZL%3bR2hkSHj6uBSV8mbJ4ovq835Ab2FLlM97bjyQEIILC7pGeYre1zaxdsifz4-iJh_Kkn4G5mWn8YNHtEOuNXYYAA%2c%2c&utm_source=CRM&utm_medium=nwl&utm_campaign=ES_DAILY_8.0_2023kw01Fri&utm_content=ES-ES_RP_campaigns%2FZZO27E8_,0,manual
zalando-prive.es/campaigns/ZZO25HP?__newsletter=ZZL%3bR2hkSHj6uBSV8mbJ4ovq835Ab2FLlM97bjyQEIILC7pGeYre1zaxdsifz4-iJh_Kkn4G5mWn8YNHtEOuNXYYAA%2c%2c&utm_source=CRM&utm_medium=nwl&utm_campaign=ES_DAILY_8.0_2023kw01Fri&utm_content=ES-ES_RP_campaigns%2FZZO25HP_,0,manual
zalando-prive.es/campaigns/ZZO25HE?__newsletter=ZZL%3bR2hkSHj6uBSV8mbJ4ovq835Ab2FLlM97bjyQEIILC7pGeYre1zaxdsifz4-iJh_Kkn4G5mWn8YNHtEOuNXYYAA%2c%2c&utm_source=CRM&utm_medium=nwl&utm_campaign=ES_DAILY_8.0_2023kw01Fri&utm_content=ES-ES_RP_campaigns%2FZZO25HE_,0,manual
zalando-prive.es/campaigns/ZZO24AL?__newsletter=ZZL%3bR2hkSHj6uBSV8mbJ4ovq835Ab2FLlM97bjyQEIILC7pGeYre1zaxdsifz4-iJh_Kkn4G5mWn8YNHtEOuNXYYAA%2c%2c&utm_source=CRM&utm_medium=nwl&utm_campaign=ES_DAILY_8.0_2023kw01Fri&utm_content=ES-ES_RP_campaigns%2FZZO24AL_,0,manual
zalando-prive.es/campaigns/ZZO27B3?__newsletter=ZZL%3bR2hkSHj6uBSV8mbJ4ovq835Ab2FLlM97bjyQEIILC7pGeYre1zaxdsifz4-iJh_Kkn4G5mWn8YNHtEOuNXYYAA%2c%2c&utm_source=CRM&utm_medium=nwl&utm_campaign=ES_DAILY_8.0_2023kw01Fri&utm_content=ES-ES_RP_campaigns%2FZZO27B3_,0,manual
zalando-prive.es/campaigns/ZZO26KF?__newsletter=ZZL%3bR2hkSHj6uBSV8mbJ4ovq835Ab2FLlM97bjyQEIILC7pGeYre1zaxdsifz4-iJh_Kkn4G5mWn8YNHtEOuNXYYAA%2c%2c&utm_source=CRM&utm_medium=nwl&utm_campaign=ES_DAILY_8.0_2023kw01Fri&utm_content=ES-ES_RP_campaigns%2FZZO26KF_,0,manual
zalando-prive.es/campaigns/ZZO26NA?__newsletter=ZZL%3bR2hkSHj6uBSV8mbJ4ovq835Ab2FLlM97bjyQEIILC7pGeYre1zaxdsifz4-iJh_Kkn4G5mWn8YNHtEOuNXYYAA%2c%2c&utm_source=CRM&utm_medium=nwl&utm_campaign=ES_DAILY_8.0_2023kw01Fri&utm_content=ES-ES_RP_campaigns%2FZZO26NA_,0,manual
zalando-prive.es/campaigns/ZZO269S?__newsletter=ZZL%3bR2hkSHj6uBSV8mbJ4ovq835Ab2FLlM97bjyQEIILC7pGeYre1zaxdsifz4-iJh_Kkn4G5mWn8YNHtEOuNXYYAA%2c%2c&utm_source=CRM&utm_medium=nwl&utm_campaign=ES_DAILY_8.0_2023kw01Fri&utm_content=ES-ES_RP_campaigns%2FZZO269S_,0,manual
zalando-prive.es/campaigns/ZZO21E9?__newsletter=ZZL%3bR2hkSHj6uBSV8mbJ4ovq835Ab2FLlM97bjyQEIILC7pGeYre1zaxdsifz4-iJh_Kkn4G5mWn8YNHtEOuNXYYAA%2c%2c&utm_source=CRM&utm_medium=nwl&utm_campaign=ES_DAILY_8.0_2023kw01Fri&utm_content=ES-ES_RP_campaigns%2FZZO21E9_,0,manual
zalando-prive.es/campaigns/ZZO24TP?__newsletter=ZZL%3bR2hkSHj6uBSV8mbJ4ovq835Ab2FLlM97bjyQEIILC7pGeYre1zaxdsifz4-iJh_Kkn4G5mWn8YNHtEOuNXYYAA%2c%2c&utm_source=CRM&utm_medium=nwl&utm_campaign=ES_DAILY_8.0_2023kw01Fri&utm_content=ES-ES_RP_campaigns%2FZZO24TP_,0,manual
zalando-prive.es/campaigns/ZZO263B?__newsletter=ZZL%3bR2hkSHj6uBSV8mbJ4ovq835Ab2FLlM97bjyQEIILC7pGeYre1zaxdsifz4-iJh_Kkn4G5mWn8YNHtEOuNXYYAA%2c%2c&utm_source=CRM&utm_medium=nwl&utm_campaign=ES_DAILY_8.0_2023kw01Fri&utm_content=ES-ES_RP_campaigns%2FZZO263B_,0,manual
zalando-prive.es/campaigns/ZZO26M0?__newsletter=ZZL%3bR2hkSHj6uBSV8mbJ4ovq835Ab2FLlM97bjyQEIILC7pGeYre1zaxdsifz4-iJh_Kkn4G5mWn8YNHtEOuNXYYAA%2c%2c&utm_source=CRM&utm_medium=nwl&utm_campaign=ES_DAILY_8.0_2023kw01Fri&utm_content=ES-ES_RP_campaigns%2FZZO26M0_,0,manual
zalando-prive.es/campaigns/ZZO26HU?__newsletter=ZZL%3bR2hkSHj6uBSV8mbJ4ovq835Ab2FLlM97bjyQEIILC7pGeYre1zaxdsifz4-iJh_Kkn4G5mWn8YNHtEOuNXYYAA%2c%2c&utm_source=CRM&utm_medium=nwl&utm_campaign=ES_DAILY_8.0_2023kw01Fri&utm_content=ES-ES_RP_campaigns%2FZZO26HU_,0,manual
zalando-prive.es/campaigns/ZZO26B7?__newsletter=ZZL%3bR2hkSHj6uBSV8mbJ4ovq835Ab2FLlM97bjyQEIILC7pGeYre1zaxdsifz4-iJh_Kkn4G5mWn8YNHtEOuNXYYAA%2c%2c&utm_source=CRM&utm_medium=nwl&utm_campaign=ES_DAILY_8.0_2023kw01Fri&utm_content=ES-ES_RP_campaigns%2FZZO26B7_,0,manual
zalando-prive.es/campaigns/ZZO25GX?__newsletter=ZZL%3bR2hkSHj6uBSV8mbJ4ovq835Ab2FLlM97bjyQEIILC7pGeYre1zaxdsifz4-iJh_Kkn4G5mWn8YNHtEOuNXYYAA%2c%2c&utm_source=CRM&utm_medium=nwl&utm_campaign=ES_DAILY_8.0_2023kw01Fri&utm_content=ES-ES_RP_campaigns%2FZZO25GX_,0,manual
zalando-prive.es/impress/?__newsletter=ZZL%3bR2hkSHj6uBSV8mbJ4ovq835Ab2FLlM97bjyQEIILC7pGeYre1zaxdsifz4-iJh_Kkn4G5mWn8YNHtEOuNXYYAA%2c%2c&utm_source=CRM&utm_medium=nwl&utm_campaign=ES_DAILY_8.0_2023kw01Fri&utm_content=ES-ES_RP_footer.contacts_,0,manual
zalando-prive.es/privacy/?__newsletter=ZZL%3bR2hkSHj6uBSV8mbJ4ovq835Ab2FLlM97bjyQEIILC7pGeYre1zaxdsifz4-iJh_Kkn4G5mWn8YNHtEOuNXYYAA%2c%2c&utm_source=CRM&utm_medium=nwl&utm_campaign=ES_DAILY_8.0_2023kw01Fri&utm_content=ES-ES_RP_footer.privacy_,0,manual
zalando-prive.es/terms/?__newsletter=ZZL%3bR2hkSHj6uBSV8mbJ4ovq835Ab2FLlM97bjyQEIILC7pGeYre1zaxdsifz4-iJh_Kkn4G5mWn8YNHtEOuNXYYAA%2c%2c&utm_source=CRM&utm_medium=nwl&utm_campaign=ES_DAILY_8.0_2023kw01Fri&utm_content=ES-ES_RP_footer.terms_,0,manual
zalando-prive.es/myaccount/newsletter/?__newsletter=ZZL%3bR2hkSHj6uBSV8mbJ4ovq835Ab2FLlM97bjyQEIILC7pGeYre1zaxdsifz4-iJh_Kkn4G5mWn8YNHtEOuNXYYAA%2c%2c&utm_source=CRM&utm_medium=nwl&utm_campaign=ES_DAILY_8.0_2023kw01Fri&utm_content=ES-ES_RP_headerfooter.unsubscribe_,0,manual
fonts.googleapis.com/css2?family=Roboto&family=PT+Serif&family=PT+Sans&display=swap,0,manual
click.email.zalando-prive.com/open.aspx?ffcb10-fec315747c640275-fe6113727c67047b7715-fe3d15707564057b741c71-ff9e1570-fe4c1374706c02747211-ff081670756005&d=100179&bmt=0,0,manual
click.email.zalando-prive.com/?qs=8a24377d42de7ff7a69017104daf7d17b0e1e01eb890f5b3118a2528116b86f3dbd9624c80f852d6b2bb5217aa27b6e6fa7ad0460ed18300afe29effd44a91d8,0,manual
demand-cdn.s3.eu-central-1.amazonaws.com/mail-messaging/logos/zalando-prive-onLight.png,0,manual
demand-cdn.s3.eu-central-1.amazonaws.com/mail-messaging/Newsletter/ZalandoPriveTransp.png,0,manual
click.email.zalando-prive.com/?qs=8a24377d42de7ff7b9d2c2939ac2f9a6681641d38ac5d316cfa3a5784fed6e2506c56f5f6129fe620422e34388bb6941f836256a1e8ece6f9af24484a7e148e7,0,manual
click.email.zalando-prive.com/?qs=8a24377d42de7ff72c9460b612adc8b7e21406ed44648a2ac5d91d844774653618d15968b6a0ae54344e7ccc77e7d8f58ca80ee097fa60cbe2c957d417ec4973,0,manual
img01.ztat.net/zl-campaign-banners-albums/albums/1dde4fa2-7a4b-483f-81d9-07e43939d2af/acb16e51-2230-4600-a5b3-3c3cf1a9831b.jpeg?imwidth=672,0,manual
click.email.zalando-prive.com/?qs=0e20575666ee7eefcfee6df675d04a5cd3cb02780e635836b4686f4b78609c633e76219c35b5671f40e060f74cf2df5eff5181cfaca002b818b88ca33003b299,0,manual
img01.ztat.net/zl-campaign-banners-albums/albums/d20adf9f-95f8-4aed-8c77-deaf0569b62a/9ba8d061-f1fc-46b4-9f20-1050fd4b7d6f.jpeg?imwidth=672,0,manual
click.email.zalando-prive.com/?qs=8a24377d42de7ff799113094a7c332fa6b795f006089160490254ec859df1d9580df4a2063262bce559b3d3f4bd76bdd8ac5b6775cc702627f254590dc26226b,0,manual
img01.ztat.net/zl-campaign-banners-albums/albums/58e96fe7-6264-4036-95c1-27fb5b1d8228/5c14bfac-e562-4fb4-b990-46816f5f645c.jpeg?imwidth=672,0,manual
click.email.zalando-prive.com/?qs=8a24377d42de7ff7484f05c1ed357d979e831fade7a4d0bc1673489b6e498d204f42dce66f900f855292084569ffccef12dc149c411ae4bcee4b2c911ccf77e2,0,manual
img01.ztat.net/zl-campaign-banners-albums/albums/e030507f-3f16-4f3c-88df-979fb75edbdd/4d265b41-b427-4f5a-a334-d756f2775a9d.jpeg?imwidth=672,0,manual
click.email.zalando-prive.com/?qs=8a24377d42de7ff703a31f450bd13726a4541acf718ecc21ecfd669db2b3dfa52109bb23f6a3f1a3cbe5a9bc2bb8e83335ee05861e921f0ea53921a51a014aec,0,manual
img01.ztat.net/zl-campaign-banners-albums/albums/M1TBD/1upn4u209d35dfv6nmqiapfh7k.jpg?imwidth=672,0,manual
click.email.zalando-prive.com/?qs=8a24377d42de7ff7f4365f9a29cf4b8451b610f6dd4894d26b269e75e4f2291a8254cd2230f81c2db51e49ce381ebbff50ee5d52bf4ffab20512045bb02250a4,0,manual
img01.ztat.net/zl-campaign-banners-albums/albums/952e605a-735a-447f-8b96-91a64d91b824/7769dbf9-38f7-4766-a1e2-ec3ba656e3cd.jpeg?imwidth=672,0,manual
click.email.zalando-prive.com/?qs=0e20575666ee7eef60357f23d94633fc2b237cf55a7e0b4eed4133e223f3333707b6ba45dda0704f61848288c08dfb95fd6693d03d44f1e881bc3db5b11c289c,0,manual
img01.ztat.net/zl-campaign-banners-albums/albums/9dd5929a-658b-4567-abb0-2c2871a0a0ee/687f000a-eed2-49d6-b0f8-0366b4baa8c2.jpeg?imwidth=672,0,manual
click.email.zalando-prive.com/?qs=8a24377d42de7ff7050c3b571e392db9b05e949c41380a2f92056e5927064fbcd909bafc9c1bad43e0046612e3bac443684a1496547c2c1ecdfae17fc820bc78,0,manual
img01.ztat.net/zl-campaign-banners-albums/albums/bde64915-b514-4490-b3a6-2422b9511353/e2e658bb-0440-4673-9a82-743f86ae0361.jpeg?imwidth=672,0,manual
click.email.zalando-prive.com/?qs=8a24377d42de7ff7b6763166ca7e92dd4ae28d8cea2ebc41e6cddd02770b79127310142b290cb4ec6ac14e20532a58588f60779c9056c183345b84cf05bec86d,0,manual
img01.ztat.net/zl-campaign-banners-albums/albums/be7b4713-5292-46cc-bf9c-5f09584c13b5/efba15de-28be-40ef-837c-2e4cab3d2f42.jpeg?imwidth=672,0,manual
click.email.zalando-prive.com/?qs=0e20575666ee7eef938323b600273e1d24c20b68c855b82623bac20a39d82682a91c7e701de626c2d5cf44333ee0a2e75a9d3bc9e4681d759250b26ee64daa36,0,manual
img01.ztat.net/zl-campaign-banners-albums/albums/4fc7501b-767f-46f3-a286-522499fcc6c1/1d33b7c1-48f8-4d69-a7a0-50a7b7d5c28a.jpeg?imwidth=672,0,manual
click.email.zalando-prive.com/?qs=0e20575666ee7eef9f8d663b488f961c9da5e327f38bfe647c9bd6244278645a4d04df98aa5fded4424894974a92189fe0dd2360896b7288d558cfccb9bb5394,0,manual
img01.ztat.net/zl-campaign-banners-albums/albums/fe974be2-548d-45fe-a85b-e7ee20a0bac1/a20eb107-abcb-4aa7-be5d-189c2a8e0624.jpeg?imwidth=672,0,manual
click.email.zalando-prive.com/?qs=0e20575666ee7eef1aa2588db62833df7eb18eaced9d36599d12202db8eb6ff5fa1e9737cd9898e85a69f6e414fca215f7811f5057797b2c60f8b387c3bb4acb,0,manual
img01.ztat.net/zl-campaign-banners-albums/albums/e2875899-24c4-4c19-a9d3-d82453d25c92/3397ad5b-b9ae-4810-8bf8-3ad0ef5da816.jpeg?imwidth=672,0,manual
click.email.zalando-prive.com/?qs=8a24377d42de7ff7f984d1c11d400521b62ea58ac582e8e4eab491307a2b76e402bca43ec765ec3cbfbfb5a0e230f49d3d606447315e0ba0a0061ca917d9c382,0,manual
img01.ztat.net/zl-campaign-banners-albums/albums/faf93f6d-4638-4571-aaa0-03a39a23346d/42e77dba-a944-47e8-8fda-dceaa83e4f39.jpeg?imwidth=672,0,manual
click.email.zalando-prive.com/?qs=8a24377d42de7ff74f2c941a4d6e2d4ec95b917a921f18941de3949c4d8cddaf5cea990e785771b2c20151dcab45af6f025d676861fd0116daf63b67462e7864,0,manual
click.email.zalando-prive.com/?qs=0e20575666ee7eef5fd53cc5e465e8690c7eb3664b6222c79a37be546b2a26c139d5505dce85560b67823ccf0014f9595611c57fc1725ba580313743c3b732b6,0,manual
img01.ztat.net/zl-campaign-banners-albums/albums/e6a17f14-f3d1-4952-a9ce-e3db7ba95a3a/e5f13282-c953-4aea-b036-6530fea558a1.jpeg?imwidth=672,0,manual
click.email.zalando-prive.com/?qs=0e20575666ee7eefe7f21f5dffd2be34ac6178df7dd8cd44b5a552cb2a4391bb35f6d85ced1c602d1c7b46d6aa27bbb38d018dc56d068b07e9fa85ecfebb63d5,0,manual
img01.ztat.net/zl-campaign-banners-albums/albums/728e05d8-24ba-4645-8c4e-48d0c0962e00/ef08f6de-6e8a-4113-88f2-0e0344c589f5.jpeg?imwidth=672,0,manual
click.email.zalando-prive.com/?qs=0e20575666ee7eefd0a87b76b836f0bc60791aeff836f1cf2c2a88737952c96a6e8bf16a3dd495c694a25e6a38e898294e53a9a50ea9fb281acfc3f26b1cb884,0,manual
img01.ztat.net/zl-campaign-banners-albums/albums/db45a0c1-5c0f-4adc-adbb-8dd63e5246b5/25ce824a-d8a9-4fa4-a5c9-5a02392fcc68.jpeg?imwidth=672,0,manual
click.email.zalando-prive.com/?qs=0e20575666ee7eef35a73a3d5a257c0b9e4bb021d0d58513c43b9d33feb3cc8fd3ded1ebcb9a94766f7d8ca25d4d9ae723495a3629a20f4469b7da961833f067,0,manual
img01.ztat.net/zl-campaign-banners-albums/albums/7b9b95d5-609d-45ed-bc4b-f9faef688825/f5373bff-b864-4b5e-acd1-296cedfa5c6e.jpeg?imwidth=672,0,manual
img01.ztat.net/zl-campaign-banners-albums/albums/b008ce6b-4c46-4340-aba7-742a1b21fcdd/34c1bb2f-c511-4a6f-aaf1-f95a5dde5248.jpeg?imwidth=197');width:50%;background-size:cover;background-position:top;background-repeat:no-repeat,0,manual
click.email.zalando-prive.com/?qs=0e20575666ee7eefcdd60780fdb222e66523060004ac825cba96601d9aa8e7a69d891d7b61c2a99db6a7b160890c528e17b1e6759359baa1556924999c22df74,0,manual
img01.ztat.net/zl-campaign-banners-albums/albums/b008ce6b-4c46-4340-aba7-742a1b21fcdd/34c1bb2f-c511-4a6f-aaf1-f95a5dde5248.jpeg?imwidth=197,0,manual
click.email.zalando-prive.com/?qs=0e20575666ee7eefb509a43a1f431bc78c3e975a323272d7338f6b372a21f48173a356bffe4bfa336417233f9bc4d802fc953ae30d40bb7efc9f5a66f789e279,0,manual
demand-cdn.s3.eu-central-1.amazonaws.com/mail-messaging/Icons/notification.png,0,manual
img01.ztat.net/zl-campaign-banners-albums/albums/9ddc8180-c2b0-43aa-a677-be16f86e355e/c2121fee-a08a-40b0-b5e4-dca1fae6c475.jpeg?imwidth=197');width:50%;background-size:cover;background-position:top;background-repeat:no-repeat,0,manual
click.email.zalando-prive.com/?qs=0e20575666ee7eef92aaa9c8ac9df64daea0052c62bac13efb9b963f37a11f331093736903345a4d519329056d7685d814fdbfc76b9481d40ebc99691f2d34c5,0,manual
img01.ztat.net/zl-campaign-banners-albums/albums/9ddc8180-c2b0-43aa-a677-be16f86e355e/c2121fee-a08a-40b0-b5e4-dca1fae6c475.jpeg?imwidth=197,0,manual
click.email.zalando-prive.com/?qs=0e20575666ee7eef1309464da070273d670f548ccdb13dd3323ad6ce7a7f45728acf50087dc036ae799face4dcd248f0608bd922673a7d344dd55e37440de234,0,manual
img01.ztat.net/zl-campaign-banners-albums/albums/e446bbd3-737c-4330-8f17-a51b5e39ca23/ac6165df-b324-497e-acde-387f734e65a4.jpeg?imwidth=197');width:50%;background-size:cover;background-position:top;background-repeat:no-repeat,0,manual
click.email.zalando-prive.com/?qs=0e20575666ee7eef3e8b1736dd2f92848be50d19cc389a6a6f0b92e961398d0a482b7c87d686b6119c9d577a2a6e4747c5e625b69be1c365cd9464b73e80e288,0,manual
img01.ztat.net/zl-campaign-banners-albums/albums/e446bbd3-737c-4330-8f17-a51b5e39ca23/ac6165df-b324-497e-acde-387f734e65a4.jpeg?imwidth=197,0,manual
click.email.zalando-prive.com/?qs=0e20575666ee7eefdf5dbcbf898aed30f4b0d16d96ef3617d90c71919b5391b6c53bbebe94c16945649c02d50b463e22d33656a6fe10417c3089cb3e9db169f6,0,manual
img01.ztat.net/zl-campaign-banners-albums/albums/3bc62865-7025-4e18-923d-58c3bccba991/5222e2cd-6b31-4728-b58c-4a63adf57d67.jpeg?imwidth=197');width:50%;background-size:cover;background-position:top;background-repeat:no-repeat,0,manual
click.email.zalando-prive.com/?qs=0e20575666ee7eefa3d0717ac6370ebbc4f5ffe49d53a8f48d12e3cee8c617b377a8c8bccb46e4804b6138a5de0e2b7352a9fc38a26e481b4f156551f592aee9,0,manual
img01.ztat.net/zl-campaign-banners-albums/albums/3bc62865-7025-4e18-923d-58c3bccba991/5222e2cd-6b31-4728-b58c-4a63adf57d67.jpeg?imwidth=197,0,manual
click.email.zalando-prive.com/?qs=0e20575666ee7eef23986f175db64ae37896618adb72eb59cd67c0a77036913fbcd3af722fbff017eab20c33a5a3227393e52bcc91d107ecd671e4628b60e9d3,0,manual
click.email.zalando-prive.com/?qs=8a24377d42de7ff7b933a1952c11b401cede25c5be87185cbd29306c0aa37135a2428f4ac43ece660c38d2a20104e838c8d2d2dea9f848b65c2e835964657773,0,manual
click.email.zalando-prive.com/?qs=0e20575666ee7eef45ee62d13cf9dab4e6326cbf3786dc935496cd78c82a5c1ad85b6e4897f8d5a4f6a3c14aa2cf7de525af7a6d87462102ff549c3efb23c9d2,0,manual
demand-cdn.s3.eu-central-1.amazonaws.com/mail-messaging/Icons/app_ios_dark.png,0,manual
demand-cdn.s3.eu-central-1.amazonaws.com/mail-messaging/Icons/app_ios.png,0,manual
demand-cdn.s3.eu-central-1.amazonaws.com/mail-messaging/Icons/app_android_dark.png,0,manual
demand-cdn.s3.eu-central-1.amazonaws.com/mail-messaging/Icons/app_android.png,0,manual
demand-cdn.s3.eu-central-1.amazonaws.com/mail-messaging/Newsletter/contact_phone_dark.png,0,manual
demand-cdn.s3.eu-central-1.amazonaws.com/mail-messaging/Newsletter/contact_phone.png,0,manual
demand-cdn.s3.eu-central-1.amazonaws.com/mail-messaging/Newsletter/contact_email_dark.png,0,manual
demand-cdn.s3.eu-central-1.amazonaws.com/mail-messaging/Newsletter/contact_email.png,0,manual
click.email.zalando-prive.com/?qs=0e20575666ee7eefae53b3e777d3bb6e5d4b78b6ea9ea152554337e98ca24ccf3b94855c0c93c0ddd1845fe563efff6f3475dda4b605e898e5ffcdb2abd53c2b,0,manual
demand-cdn.s3.eu-central-1.amazonaws.com/mail-messaging/Newsletter/social_fb.png,0,manual
click.email.zalando-prive.com/?qs=0e20575666ee7eef8edec72e0c43f0222ade9133ea57ecc887d0650a8d7cbb9ba56abf94f4c67cf8e89237c994ef5a2c819980bdb45d98df9f14dce3a2173891,0,manual
demand-cdn.s3.eu-central-1.amazonaws.com/mail-messaging/Newsletter/social_insta.png,0,manual
click.email.zalando-prive.com/?qs=0e20575666ee7eef696ed0d7a0f5a171519475e1b11016998994c5a6354d5092332d8892b60d1c8a1c5718e8e1daebfae8dc01c755c459b017940164180c9260,0,manual
demand-cdn.s3.eu-central-1.amazonaws.com/mail-messaging/Newsletter/social_mag.png,0,manual
click.email.zalando-prive.com/?qs=0e20575666ee7eeff76168909d38eab75ca0ce24db2cd471f97024b496323a4709deafd7a6a7694c300f923fa43bc97eaf5178a96b8ee7b0cfdc872ac8b0d3c3,0,manual
click.email.zalando-prive.com/?qs=0e20575666ee7eefc9d7e954f6ec4cbc108eeca25d92bca465764e28fa1a8637bd3aa4bbad65d248597c72863b8d7246fb6327bc0a661c41aa81365f45d09991,0,manual
click.email.zalando-prive.com/?qs=0e20575666ee7eefa62f5d8d49c0c9ff9305bc3d1718c26bf93ccb5d61506ab54f0391d2a2228c49858372067507352fac0e4c633f508db8d19adc9a25b3081e,0,manual
click.email.zalando-prive.com/?qs=0e20575666ee7eefc3865a328255e8a342f86efd7b94253f945f5e6407f094f462abe297dfe04cc7292a77554a983f1640ad37d50117e22f73f17db1b5c6e2db,0,manual
click.email.zalando-prive.com/?qs=0e20575666ee7eefc09a1fb45c529af92bcf76f6c8c6ab86b1de644785ffbfa382f8f47ff1fc9dec4fb3e1644e781a69072d5ef6257528c17de847dbb615c212,0,manual
demand-cdn.s3.eu-central-1.amazonaws.com/mail-messaging/Newsletter/desktop.png,0,manual
schema.org/,0,manual
demand-cdn.s3.eu-central-1.amazonaws.com/mail-messaging/Newsletter/ZalandoPriveLogoGoogle.png,0,manual
zalando-prive.es/,0,manual
